--
-- PostgreSQL database dump
--

-- Dumped from database version 13.13 (Debian 13.13-1.pgdg120+1)
-- Dumped by pg_dump version 13.13 (Debian 13.13-1.pgdg120+1)

SET statement_timeout = 0;
SET lock_timeout = 0;
SET idle_in_transaction_session_timeout = 0;
SET client_encoding = 'UTF8';
SET standard_conforming_strings = on;
SELECT pg_catalog.set_config('search_path', '', false);
SET check_function_bodies = false;
SET xmloption = content;
SET client_min_messages = warning;
SET row_security = off;

SET default_tablespace = '';

SET default_table_access_method = heap;

--
-- Name: auth_group; Type: TABLE; Schema: public; Owner: username
--

CREATE TABLE public.auth_group (
    id integer NOT NULL,
    name character varying(150) NOT NULL
);


ALTER TABLE public.auth_group OWNER TO username;

--
-- Name: auth_group_id_seq; Type: SEQUENCE; Schema: public; Owner: username
--

ALTER TABLE public.auth_group ALTER COLUMN id ADD GENERATED BY DEFAULT AS IDENTITY (
    SEQUENCE NAME public.auth_group_id_seq
    START WITH 1
    INCREMENT BY 1
    NO MINVALUE
    NO MAXVALUE
    CACHE 1
);


--
-- Name: auth_group_permissions; Type: TABLE; Schema: public; Owner: username
--

CREATE TABLE public.auth_group_permissions (
    id bigint NOT NULL,
    group_id integer NOT NULL,
    permission_id integer NOT NULL
);


ALTER TABLE public.auth_group_permissions OWNER TO username;

--
-- Name: auth_group_permissions_id_seq; Type: SEQUENCE; Schema: public; Owner: username
--

ALTER TABLE public.auth_group_permissions ALTER COLUMN id ADD GENERATED BY DEFAULT AS IDENTITY (
    SEQUENCE NAME public.auth_group_permissions_id_seq
    START WITH 1
    INCREMENT BY 1
    NO MINVALUE
    NO MAXVALUE
    CACHE 1
);


--
-- Name: auth_permission; Type: TABLE; Schema: public; Owner: username
--

CREATE TABLE public.auth_permission (
    id integer NOT NULL,
    name character varying(255) NOT NULL,
    content_type_id integer NOT NULL,
    codename character varying(100) NOT NULL
);


ALTER TABLE public.auth_permission OWNER TO username;

--
-- Name: auth_permission_id_seq; Type: SEQUENCE; Schema: public; Owner: username
--

ALTER TABLE public.auth_permission ALTER COLUMN id ADD GENERATED BY DEFAULT AS IDENTITY (
    SEQUENCE NAME public.auth_permission_id_seq
    START WITH 1
    INCREMENT BY 1
    NO MINVALUE
    NO MAXVALUE
    CACHE 1
);


--
-- Name: auth_user; Type: TABLE; Schema: public; Owner: username
--

CREATE TABLE public.auth_user (
    id integer NOT NULL,
    password character varying(128) NOT NULL,
    last_login timestamp with time zone,
    is_superuser boolean NOT NULL,
    username character varying(150) NOT NULL,
    first_name character varying(150) NOT NULL,
    last_name character varying(150) NOT NULL,
    email character varying(254) NOT NULL,
    is_staff boolean NOT NULL,
    is_active boolean NOT NULL,
    date_joined timestamp with time zone NOT NULL
);


ALTER TABLE public.auth_user OWNER TO username;

--
-- Name: auth_user_groups; Type: TABLE; Schema: public; Owner: username
--

CREATE TABLE public.auth_user_groups (
    id bigint NOT NULL,
    user_id integer NOT NULL,
    group_id integer NOT NULL
);


ALTER TABLE public.auth_user_groups OWNER TO username;

--
-- Name: auth_user_groups_id_seq; Type: SEQUENCE; Schema: public; Owner: username
--

ALTER TABLE public.auth_user_groups ALTER COLUMN id ADD GENERATED BY DEFAULT AS IDENTITY (
    SEQUENCE NAME public.auth_user_groups_id_seq
    START WITH 1
    INCREMENT BY 1
    NO MINVALUE
    NO MAXVALUE
    CACHE 1
);


--
-- Name: auth_user_id_seq; Type: SEQUENCE; Schema: public; Owner: username
--

ALTER TABLE public.auth_user ALTER COLUMN id ADD GENERATED BY DEFAULT AS IDENTITY (
    SEQUENCE NAME public.auth_user_id_seq
    START WITH 1
    INCREMENT BY 1
    NO MINVALUE
    NO MAXVALUE
    CACHE 1
);


--
-- Name: auth_user_user_permissions; Type: TABLE; Schema: public; Owner: username
--

CREATE TABLE public.auth_user_user_permissions (
    id bigint NOT NULL,
    user_id integer NOT NULL,
    permission_id integer NOT NULL
);


ALTER TABLE public.auth_user_user_permissions OWNER TO username;

--
-- Name: auth_user_user_permissions_id_seq; Type: SEQUENCE; Schema: public; Owner: username
--

ALTER TABLE public.auth_user_user_permissions ALTER COLUMN id ADD GENERATED BY DEFAULT AS IDENTITY (
    SEQUENCE NAME public.auth_user_user_permissions_id_seq
    START WITH 1
    INCREMENT BY 1
    NO MINVALUE
    NO MAXVALUE
    CACHE 1
);


--
-- Name: authtoken_token; Type: TABLE; Schema: public; Owner: username
--

CREATE TABLE public.authtoken_token (
    key character varying(40) NOT NULL,
    created timestamp with time zone NOT NULL,
    user_id integer NOT NULL
);


ALTER TABLE public.authtoken_token OWNER TO username;

--
-- Name: customer_banner; Type: TABLE; Schema: public; Owner: username
--

CREATE TABLE public.customer_banner (
    id bigint NOT NULL,
    created timestamp with time zone NOT NULL,
    modified timestamp with time zone NOT NULL,
    title character varying(255),
    image character varying(100) NOT NULL,
    active boolean NOT NULL
);


ALTER TABLE public.customer_banner OWNER TO username;

--
-- Name: customer_banner_id_seq; Type: SEQUENCE; Schema: public; Owner: username
--

ALTER TABLE public.customer_banner ALTER COLUMN id ADD GENERATED BY DEFAULT AS IDENTITY (
    SEQUENCE NAME public.customer_banner_id_seq
    START WITH 1
    INCREMENT BY 1
    NO MINVALUE
    NO MAXVALUE
    CACHE 1
);


--
-- Name: customer_favorite; Type: TABLE; Schema: public; Owner: username
--

CREATE TABLE public.customer_favorite (
    id bigint NOT NULL,
    created timestamp with time zone NOT NULL,
    modified timestamp with time zone NOT NULL,
    product_id bigint NOT NULL,
    user_id bigint NOT NULL
);


ALTER TABLE public.customer_favorite OWNER TO username;

--
-- Name: customer_favorite_id_seq; Type: SEQUENCE; Schema: public; Owner: username
--

ALTER TABLE public.customer_favorite ALTER COLUMN id ADD GENERATED BY DEFAULT AS IDENTITY (
    SEQUENCE NAME public.customer_favorite_id_seq
    START WITH 1
    INCREMENT BY 1
    NO MINVALUE
    NO MAXVALUE
    CACHE 1
);


--
-- Name: customer_location; Type: TABLE; Schema: public; Owner: username
--

CREATE TABLE public.customer_location (
    id bigint NOT NULL,
    created timestamp with time zone NOT NULL,
    modified timestamp with time zone NOT NULL,
    address character varying(510) NOT NULL,
    user_id bigint NOT NULL,
    active boolean NOT NULL
);


ALTER TABLE public.customer_location OWNER TO username;

--
-- Name: customer_location_id_seq; Type: SEQUENCE; Schema: public; Owner: username
--

ALTER TABLE public.customer_location ALTER COLUMN id ADD GENERATED BY DEFAULT AS IDENTITY (
    SEQUENCE NAME public.customer_location_id_seq
    START WITH 1
    INCREMENT BY 1
    NO MINVALUE
    NO MAXVALUE
    CACHE 1
);


--
-- Name: customer_news; Type: TABLE; Schema: public; Owner: username
--

CREATE TABLE public.customer_news (
    id bigint NOT NULL,
    created timestamp with time zone NOT NULL,
    modified timestamp with time zone NOT NULL,
    start_date timestamp with time zone NOT NULL,
    end_date timestamp with time zone NOT NULL,
    description text NOT NULL,
    image character varying(100) NOT NULL,
    active boolean NOT NULL,
    title character varying(255),
    description_en text,
    description_kr text,
    description_ru text,
    description_uz text,
    title_en character varying(255),
    title_kr character varying(255),
    title_ru character varying(255),
    title_uz character varying(255)
);


ALTER TABLE public.customer_news OWNER TO username;

--
-- Name: customer_news_id_seq; Type: SEQUENCE; Schema: public; Owner: username
--

ALTER TABLE public.customer_news ALTER COLUMN id ADD GENERATED BY DEFAULT AS IDENTITY (
    SEQUENCE NAME public.customer_news_id_seq
    START WITH 1
    INCREMENT BY 1
    NO MINVALUE
    NO MAXVALUE
    CACHE 1
);


--
-- Name: customer_profile; Type: TABLE; Schema: public; Owner: username
--

CREATE TABLE public.customer_profile (
    id bigint NOT NULL,
    created timestamp with time zone NOT NULL,
    modified timestamp with time zone NOT NULL,
    full_name character varying(255) NOT NULL,
    phone_number character varying(17) NOT NULL,
    cashback integer NOT NULL,
    otp character varying(100),
    origin_id integer NOT NULL,
    lang character varying(2) NOT NULL
);


ALTER TABLE public.customer_profile OWNER TO username;

--
-- Name: customer_profile_id_seq; Type: SEQUENCE; Schema: public; Owner: username
--

ALTER TABLE public.customer_profile ALTER COLUMN id ADD GENERATED BY DEFAULT AS IDENTITY (
    SEQUENCE NAME public.customer_profile_id_seq
    START WITH 1
    INCREMENT BY 1
    NO MINVALUE
    NO MAXVALUE
    CACHE 1
);


--
-- Name: customer_viewednews; Type: TABLE; Schema: public; Owner: username
--

CREATE TABLE public.customer_viewednews (
    id bigint NOT NULL,
    created timestamp with time zone NOT NULL,
    modified timestamp with time zone NOT NULL,
    news_id bigint NOT NULL,
    user_id bigint NOT NULL
);


ALTER TABLE public.customer_viewednews OWNER TO username;

--
-- Name: customer_viewednews_id_seq; Type: SEQUENCE; Schema: public; Owner: username
--

ALTER TABLE public.customer_viewednews ALTER COLUMN id ADD GENERATED BY DEFAULT AS IDENTITY (
    SEQUENCE NAME public.customer_viewednews_id_seq
    START WITH 1
    INCREMENT BY 1
    NO MINVALUE
    NO MAXVALUE
    CACHE 1
);


--
-- Name: django_admin_log; Type: TABLE; Schema: public; Owner: username
--

CREATE TABLE public.django_admin_log (
    id integer NOT NULL,
    action_time timestamp with time zone NOT NULL,
    object_id text,
    object_repr character varying(200) NOT NULL,
    action_flag smallint NOT NULL,
    change_message text NOT NULL,
    content_type_id integer,
    user_id integer NOT NULL,
    CONSTRAINT django_admin_log_action_flag_check CHECK ((action_flag >= 0))
);


ALTER TABLE public.django_admin_log OWNER TO username;

--
-- Name: django_admin_log_id_seq; Type: SEQUENCE; Schema: public; Owner: username
--

ALTER TABLE public.django_admin_log ALTER COLUMN id ADD GENERATED BY DEFAULT AS IDENTITY (
    SEQUENCE NAME public.django_admin_log_id_seq
    START WITH 1
    INCREMENT BY 1
    NO MINVALUE
    NO MAXVALUE
    CACHE 1
);


--
-- Name: django_content_type; Type: TABLE; Schema: public; Owner: username
--

CREATE TABLE public.django_content_type (
    id integer NOT NULL,
    app_label character varying(100) NOT NULL,
    model character varying(100) NOT NULL
);


ALTER TABLE public.django_content_type OWNER TO username;

--
-- Name: django_content_type_id_seq; Type: SEQUENCE; Schema: public; Owner: username
--

ALTER TABLE public.django_content_type ALTER COLUMN id ADD GENERATED BY DEFAULT AS IDENTITY (
    SEQUENCE NAME public.django_content_type_id_seq
    START WITH 1
    INCREMENT BY 1
    NO MINVALUE
    NO MAXVALUE
    CACHE 1
);


--
-- Name: django_migrations; Type: TABLE; Schema: public; Owner: username
--

CREATE TABLE public.django_migrations (
    id bigint NOT NULL,
    app character varying(255) NOT NULL,
    name character varying(255) NOT NULL,
    applied timestamp with time zone NOT NULL
);


ALTER TABLE public.django_migrations OWNER TO username;

--
-- Name: django_migrations_id_seq; Type: SEQUENCE; Schema: public; Owner: username
--

ALTER TABLE public.django_migrations ALTER COLUMN id ADD GENERATED BY DEFAULT AS IDENTITY (
    SEQUENCE NAME public.django_migrations_id_seq
    START WITH 1
    INCREMENT BY 1
    NO MINVALUE
    NO MAXVALUE
    CACHE 1
);


--
-- Name: django_session; Type: TABLE; Schema: public; Owner: username
--

CREATE TABLE public.django_session (
    session_key character varying(40) NOT NULL,
    session_data text NOT NULL,
    expire_date timestamp with time zone NOT NULL
);


ALTER TABLE public.django_session OWNER TO username;

--
-- Name: merchant_bonus; Type: TABLE; Schema: public; Owner: username
--

CREATE TABLE public.merchant_bonus (
    id bigint NOT NULL,
    created timestamp with time zone NOT NULL,
    modified timestamp with time zone NOT NULL,
    title character varying(255) NOT NULL,
    amount numeric(10,0) NOT NULL,
    percentage integer NOT NULL,
    active boolean NOT NULL,
    CONSTRAINT merchant_bonus_percentage_check CHECK ((percentage >= 0))
);


ALTER TABLE public.merchant_bonus OWNER TO username;

--
-- Name: merchant_bonus_id_seq; Type: SEQUENCE; Schema: public; Owner: username
--

ALTER TABLE public.merchant_bonus ALTER COLUMN id ADD GENERATED BY DEFAULT AS IDENTITY (
    SEQUENCE NAME public.merchant_bonus_id_seq
    START WITH 1
    INCREMENT BY 1
    NO MINVALUE
    NO MAXVALUE
    CACHE 1
);


--
-- Name: merchant_information; Type: TABLE; Schema: public; Owner: username
--

CREATE TABLE public.merchant_information (
    id bigint NOT NULL,
    created timestamp with time zone NOT NULL,
    modified timestamp with time zone NOT NULL,
    reminder text,
    reminder_uz text,
    reminder_en text,
    reminder_ru text,
    reminder_kr text,
    agreement text,
    agreement_uz text,
    agreement_en text,
    agreement_ru text,
    agreement_kr text,
    shipment_terms text,
    shipment_terms_uz text,
    shipment_terms_en text,
    shipment_terms_ru text,
    shipment_terms_kr text,
    privacy_policy text,
    privacy_policy_uz text,
    privacy_policy_en text,
    privacy_policy_ru text,
    privacy_policy_kr text,
    about_us text,
    about_us_uz text,
    about_us_en text,
    about_us_ru text,
    about_us_kr text,
    support_center text,
    support_center_en text,
    support_center_kr text,
    support_center_ru text,
    support_center_uz text,
    payment_data text,
    payment_data_en text,
    payment_data_kr text,
    payment_data_ru text,
    payment_data_uz text
);


ALTER TABLE public.merchant_information OWNER TO username;

--
-- Name: merchant_information_id_seq; Type: SEQUENCE; Schema: public; Owner: username
--

ALTER TABLE public.merchant_information ALTER COLUMN id ADD GENERATED BY DEFAULT AS IDENTITY (
    SEQUENCE NAME public.merchant_information_id_seq
    START WITH 1
    INCREMENT BY 1
    NO MINVALUE
    NO MAXVALUE
    CACHE 1
);


--
-- Name: merchant_order; Type: TABLE; Schema: public; Owner: username
--

CREATE TABLE public.merchant_order (
    id bigint NOT NULL,
    created timestamp with time zone NOT NULL,
    modified timestamp with time zone NOT NULL,
    user_id bigint NOT NULL,
    comment text NOT NULL,
    status character varying(10) NOT NULL,
    total_amount numeric(20,0) NOT NULL,
    location_id bigint
);


ALTER TABLE public.merchant_order OWNER TO username;

--
-- Name: merchant_order_id_seq; Type: SEQUENCE; Schema: public; Owner: username
--

ALTER TABLE public.merchant_order ALTER COLUMN id ADD GENERATED BY DEFAULT AS IDENTITY (
    SEQUENCE NAME public.merchant_order_id_seq
    START WITH 1
    INCREMENT BY 1
    NO MINVALUE
    NO MAXVALUE
    CACHE 1
);


--
-- Name: merchant_orderitem; Type: TABLE; Schema: public; Owner: username
--

CREATE TABLE public.merchant_orderitem (
    id bigint NOT NULL,
    created timestamp with time zone NOT NULL,
    modified timestamp with time zone NOT NULL,
    quantity integer NOT NULL,
    order_id bigint NOT NULL,
    product_id bigint
);


ALTER TABLE public.merchant_orderitem OWNER TO username;

--
-- Name: merchant_orderitem_id_seq; Type: SEQUENCE; Schema: public; Owner: username
--

ALTER TABLE public.merchant_orderitem ALTER COLUMN id ADD GENERATED BY DEFAULT AS IDENTITY (
    SEQUENCE NAME public.merchant_orderitem_id_seq
    START WITH 1
    INCREMENT BY 1
    NO MINVALUE
    NO MAXVALUE
    CACHE 1
);


--
-- Name: merchant_socialmedia; Type: TABLE; Schema: public; Owner: username
--

CREATE TABLE public.merchant_socialmedia (
    id bigint NOT NULL,
    created timestamp with time zone NOT NULL,
    modified timestamp with time zone NOT NULL,
    telegram character varying,
    instagram character varying,
    whatsapp character varying,
    phone_number character varying,
    imo character varying,
    kakao character varying,
    tiktok character varying
);


ALTER TABLE public.merchant_socialmedia OWNER TO username;

--
-- Name: merchant_secialmedia_id_seq; Type: SEQUENCE; Schema: public; Owner: username
--

ALTER TABLE public.merchant_socialmedia ALTER COLUMN id ADD GENERATED BY DEFAULT AS IDENTITY (
    SEQUENCE NAME public.merchant_secialmedia_id_seq
    START WITH 1
    INCREMENT BY 1
    NO MINVALUE
    NO MAXVALUE
    CACHE 1
);


--
-- Name: merchant_service; Type: TABLE; Schema: public; Owner: username
--

CREATE TABLE public.merchant_service (
    id bigint NOT NULL,
    created timestamp with time zone NOT NULL,
    modified timestamp with time zone NOT NULL,
    delivery_fee numeric(10,0) NOT NULL
);


ALTER TABLE public.merchant_service OWNER TO username;

--
-- Name: merchant_service_id_seq; Type: SEQUENCE; Schema: public; Owner: username
--

ALTER TABLE public.merchant_service ALTER COLUMN id ADD GENERATED BY DEFAULT AS IDENTITY (
    SEQUENCE NAME public.merchant_service_id_seq
    START WITH 1
    INCREMENT BY 1
    NO MINVALUE
    NO MAXVALUE
    CACHE 1
);


--
-- Name: product_category; Type: TABLE; Schema: public; Owner: username
--

CREATE TABLE public.product_category (
    id bigint NOT NULL,
    created timestamp with time zone NOT NULL,
    modified timestamp with time zone NOT NULL,
    main_type character varying(1) NOT NULL,
    name character varying(255) NOT NULL,
    image character varying(100) NOT NULL,
    "desc" text NOT NULL,
    active boolean NOT NULL,
    desc_en text,
    desc_kr text,
    desc_ru text,
    desc_uz text,
    name_en character varying(255),
    name_kr character varying(255),
    name_ru character varying(255),
    name_uz character varying(255)
);


ALTER TABLE public.product_category OWNER TO username;

--
-- Name: product_category_id_seq; Type: SEQUENCE; Schema: public; Owner: username
--

ALTER TABLE public.product_category ALTER COLUMN id ADD GENERATED BY DEFAULT AS IDENTITY (
    SEQUENCE NAME public.product_category_id_seq
    START WITH 1
    INCREMENT BY 1
    NO MINVALUE
    NO MAXVALUE
    CACHE 1
);


--
-- Name: product_good; Type: TABLE; Schema: public; Owner: username
--

CREATE TABLE public.product_good (
    id bigint NOT NULL,
    name character varying(255) NOT NULL,
    ingredients character varying(255) NOT NULL,
    expire_date date,
    product_id bigint NOT NULL,
    sub_cat_id bigint,
    ingredients_en character varying(255),
    ingredients_kr character varying(255),
    ingredients_ru character varying(255),
    ingredients_uz character varying(255),
    name_en character varying(255),
    name_kr character varying(255),
    name_ru character varying(255),
    name_uz character varying(255)
);


ALTER TABLE public.product_good OWNER TO username;

--
-- Name: product_good_id_seq; Type: SEQUENCE; Schema: public; Owner: username
--

ALTER TABLE public.product_good ALTER COLUMN id ADD GENERATED BY DEFAULT AS IDENTITY (
    SEQUENCE NAME public.product_good_id_seq
    START WITH 1
    INCREMENT BY 1
    NO MINVALUE
    NO MAXVALUE
    CACHE 1
);


--
-- Name: product_image; Type: TABLE; Schema: public; Owner: username
--

CREATE TABLE public.product_image (
    id bigint NOT NULL,
    image character varying(100) NOT NULL,
    name character varying(255) NOT NULL,
    product_id bigint NOT NULL,
    name_en character varying(255),
    name_kr character varying(255),
    name_ru character varying(255),
    name_uz character varying(255)
);


ALTER TABLE public.product_image OWNER TO username;

--
-- Name: product_image_id_seq; Type: SEQUENCE; Schema: public; Owner: username
--

ALTER TABLE public.product_image ALTER COLUMN id ADD GENERATED BY DEFAULT AS IDENTITY (
    SEQUENCE NAME public.product_image_id_seq
    START WITH 1
    INCREMENT BY 1
    NO MINVALUE
    NO MAXVALUE
    CACHE 1
);


--
-- Name: product_phone; Type: TABLE; Schema: public; Owner: username
--

CREATE TABLE public.product_phone (
    id bigint NOT NULL,
    color character varying(10) NOT NULL,
    condition character varying(10) NOT NULL,
    model_name character varying(255) NOT NULL,
    ram character varying NOT NULL,
    storage character varying NOT NULL,
    category_id bigint,
    product_id bigint NOT NULL,
    model_name_en character varying(255),
    model_name_kr character varying(255),
    model_name_ru character varying(255),
    model_name_uz character varying(255)
);


ALTER TABLE public.product_phone OWNER TO username;

--
-- Name: product_phone_id_seq; Type: SEQUENCE; Schema: public; Owner: username
--

ALTER TABLE public.product_phone ALTER COLUMN id ADD GENERATED BY DEFAULT AS IDENTITY (
    SEQUENCE NAME public.product_phone_id_seq
    START WITH 1
    INCREMENT BY 1
    NO MINVALUE
    NO MAXVALUE
    CACHE 1
);


--
-- Name: product_productitem; Type: TABLE; Schema: public; Owner: username
--

CREATE TABLE public.product_productitem (
    id bigint NOT NULL,
    created timestamp with time zone NOT NULL,
    modified timestamp with time zone NOT NULL,
    "desc" text NOT NULL,
    measure integer NOT NULL,
    available_quantity integer NOT NULL,
    bonus integer NOT NULL,
    active boolean NOT NULL,
    new_price numeric(10,0),
    old_price numeric(10,0),
    desc_en text,
    desc_kr text,
    desc_ru text,
    desc_uz text,
    weight double precision NOT NULL,
    CONSTRAINT product_productitem_available_quantity_check CHECK ((available_quantity >= 0))
);


ALTER TABLE public.product_productitem OWNER TO username;

--
-- Name: product_productitem_id_seq; Type: SEQUENCE; Schema: public; Owner: username
--

ALTER TABLE public.product_productitem ALTER COLUMN id ADD GENERATED BY DEFAULT AS IDENTITY (
    SEQUENCE NAME public.product_productitem_id_seq
    START WITH 1
    INCREMENT BY 1
    NO MINVALUE
    NO MAXVALUE
    CACHE 1
);


--
-- Name: product_soldproduct; Type: TABLE; Schema: public; Owner: username
--

CREATE TABLE public.product_soldproduct (
    id bigint NOT NULL,
    created timestamp with time zone NOT NULL,
    modified timestamp with time zone NOT NULL,
    amount numeric(20,0) NOT NULL,
    quantity integer NOT NULL,
    product_id bigint,
    user_id bigint,
    CONSTRAINT product_soldproduct_quantity_check CHECK ((quantity >= 0))
);


ALTER TABLE public.product_soldproduct OWNER TO username;

--
-- Name: product_soldproduct_id_seq; Type: SEQUENCE; Schema: public; Owner: username
--

ALTER TABLE public.product_soldproduct ALTER COLUMN id ADD GENERATED BY DEFAULT AS IDENTITY (
    SEQUENCE NAME public.product_soldproduct_id_seq
    START WITH 1
    INCREMENT BY 1
    NO MINVALUE
    NO MAXVALUE
    CACHE 1
);


--
-- Name: product_subcategory; Type: TABLE; Schema: public; Owner: username
--

CREATE TABLE public.product_subcategory (
    id bigint NOT NULL,
    created timestamp with time zone NOT NULL,
    modified timestamp with time zone NOT NULL,
    name character varying(255) NOT NULL,
    image character varying(100) NOT NULL,
    "desc" text,
    category_id bigint NOT NULL,
    active boolean NOT NULL,
    desc_en text,
    desc_kr text,
    desc_ru text,
    desc_uz text,
    name_en character varying(255),
    name_kr character varying(255),
    name_ru character varying(255),
    name_uz character varying(255)
);


ALTER TABLE public.product_subcategory OWNER TO username;

--
-- Name: product_subcategory_id_seq; Type: SEQUENCE; Schema: public; Owner: username
--

ALTER TABLE public.product_subcategory ALTER COLUMN id ADD GENERATED BY DEFAULT AS IDENTITY (
    SEQUENCE NAME public.product_subcategory_id_seq
    START WITH 1
    INCREMENT BY 1
    NO MINVALUE
    NO MAXVALUE
    CACHE 1
);


--
-- Name: product_ticket; Type: TABLE; Schema: public; Owner: username
--

CREATE TABLE public.product_ticket (
    id bigint NOT NULL,
    event_name character varying(255) NOT NULL,
    event_date timestamp with time zone NOT NULL,
    category_id bigint,
    product_id bigint NOT NULL,
    event_name_en character varying(255),
    event_name_kr character varying(255),
    event_name_ru character varying(255),
    event_name_uz character varying(255)
);


ALTER TABLE public.product_ticket OWNER TO username;

--
-- Name: product_ticket_id_seq; Type: SEQUENCE; Schema: public; Owner: username
--

ALTER TABLE public.product_ticket ALTER COLUMN id ADD GENERATED BY DEFAULT AS IDENTITY (
    SEQUENCE NAME public.product_ticket_id_seq
    START WITH 1
    INCREMENT BY 1
    NO MINVALUE
    NO MAXVALUE
    CACHE 1
);


--
-- Data for Name: auth_group; Type: TABLE DATA; Schema: public; Owner: username
--

COPY public.auth_group (id, name) FROM stdin;
\.


--
-- Data for Name: auth_group_permissions; Type: TABLE DATA; Schema: public; Owner: username
--

COPY public.auth_group_permissions (id, group_id, permission_id) FROM stdin;
\.


--
-- Data for Name: auth_permission; Type: TABLE DATA; Schema: public; Owner: username
--

COPY public.auth_permission (id, name, content_type_id, codename) FROM stdin;
1	Can add log entry	1	add_logentry
2	Can change log entry	1	change_logentry
3	Can delete log entry	1	delete_logentry
4	Can view log entry	1	view_logentry
5	Can add permission	2	add_permission
6	Can change permission	2	change_permission
7	Can delete permission	2	delete_permission
8	Can view permission	2	view_permission
9	Can add group	3	add_group
10	Can change group	3	change_group
11	Can delete group	3	delete_group
12	Can view group	3	view_group
13	Can add user	4	add_user
14	Can change user	4	change_user
15	Can delete user	4	delete_user
16	Can view user	4	view_user
17	Can add content type	5	add_contenttype
18	Can change content type	5	change_contenttype
19	Can delete content type	5	delete_contenttype
20	Can view content type	5	view_contenttype
21	Can add session	6	add_session
22	Can change session	6	change_session
23	Can delete session	6	delete_session
24	Can view session	6	view_session
25	Can add Token	7	add_token
26	Can change Token	7	change_token
27	Can delete Token	7	delete_token
28	Can view Token	7	view_token
29	Can add token	8	add_tokenproxy
30	Can change token	8	change_tokenproxy
31	Can delete token	8	delete_tokenproxy
32	Can view token	8	view_tokenproxy
33	Can add category	9	add_category
34	Can change category	9	change_category
35	Can delete category	9	delete_category
36	Can view category	9	view_category
37	Can add product item	10	add_productitem
38	Can change product item	10	change_productitem
39	Can delete product item	10	delete_productitem
40	Can view product item	10	view_productitem
41	Can add ticket	11	add_ticket
42	Can change ticket	11	change_ticket
43	Can delete ticket	11	delete_ticket
44	Can view ticket	11	view_ticket
45	Can add sub category	12	add_subcategory
46	Can change sub category	12	change_subcategory
47	Can delete sub category	12	delete_subcategory
48	Can view sub category	12	view_subcategory
49	Can add sold product	13	add_soldproduct
50	Can change sold product	13	change_soldproduct
51	Can delete sold product	13	delete_soldproduct
52	Can view sold product	13	view_soldproduct
53	Can add phone	14	add_phone
54	Can change phone	14	change_phone
55	Can delete phone	14	delete_phone
56	Can view phone	14	view_phone
57	Can add image	15	add_image
58	Can change image	15	change_image
59	Can delete image	15	delete_image
60	Can view image	15	view_image
61	Can add good	16	add_good
62	Can change good	16	change_good
63	Can delete good	16	delete_good
64	Can view good	16	view_good
65	Can add favorite	17	add_favorite
66	Can change favorite	17	change_favorite
67	Can delete favorite	17	delete_favorite
68	Can view favorite	17	view_favorite
69	Can add news	18	add_news
70	Can change news	18	change_news
71	Can delete news	18	delete_news
72	Can view news	18	view_news
73	Can add profile	19	add_profile
74	Can change profile	19	change_profile
75	Can delete profile	19	delete_profile
76	Can view profile	19	view_profile
77	Can add viewed news	20	add_viewednews
78	Can change viewed news	20	change_viewednews
79	Can delete viewed news	20	delete_viewednews
80	Can view viewed news	20	view_viewednews
81	Can add location	21	add_location
82	Can change location	21	change_location
83	Can delete location	21	delete_location
84	Can view location	21	view_location
85	Can add banner	22	add_banner
86	Can change banner	22	change_banner
87	Can delete banner	22	delete_banner
88	Can view banner	22	view_banner
89	Can add order	23	add_order
90	Can change order	23	change_order
91	Can delete order	23	delete_order
92	Can view order	23	view_order
93	Can add order item	24	add_orderitem
94	Can change order item	24	change_orderitem
95	Can delete order item	24	delete_orderitem
96	Can view order item	24	view_orderitem
97	Can add information	25	add_information
98	Can change information	25	change_information
99	Can delete information	25	delete_information
100	Can view information	25	view_information
101	Can add service	26	add_service
102	Can change service	26	change_service
103	Can delete service	26	delete_service
104	Can view service	26	view_service
105	Can add bonus	27	add_bonus
106	Can change bonus	27	change_bonus
107	Can delete bonus	27	delete_bonus
108	Can view bonus	27	view_bonus
109	Can add social media	28	add_socialmedia
110	Can change social media	28	change_socialmedia
111	Can delete social media	28	delete_socialmedia
112	Can view social media	28	view_socialmedia
\.


--
-- Data for Name: auth_user; Type: TABLE DATA; Schema: public; Owner: username
--

COPY public.auth_user (id, password, last_login, is_superuser, username, first_name, last_name, email, is_staff, is_active, date_joined) FROM stdin;
15		\N	f	+821088443777				f	t	2024-02-18 01:44:07.832503+00
16	pbkdf2_sha256$600000$0Br86C2Kvq7IVjy0pVjgnz$Pa4ZPwQjtIC2mV6dPJNyfkDiFLGDBbQ7nELMkD4mld0=	\N	f	+821021438822				f	t	2024-02-18 06:24:01.931928+00
8	pbkdf2_sha256$600000$TNzEcFJ7zNq5HyTuFz5wT5$Mfdq9BxG7BVJS2KzFOmcRrtNKWl1yK9VEYe7TNIK71g=	\N	f	+821039434342				f	t	2024-02-09 14:11:55.656509+00
17	pbkdf2_sha256$600000$h8P0XaAnw8LMaQSE3YfBCo$fGyhsczpqQmpjdcacJ9RPsFuEAMO7uGFwXZZRv1j4VA=	\N	f	+821023139987				f	t	2024-02-18 14:19:30.405149+00
9	pbkdf2_sha256$600000$a9iJ87xFeorXObbQPP4vxx$7HWL0K9HCqYGrl5OJni3euhqCpKiC1k3w6rdjoFOmIc=	\N	f	+821058520791				f	t	2024-02-09 14:21:53.217966+00
10	pbkdf2_sha256$600000$PqSh0P6AeGffCNeIc9WeDH$2UzA6DF9wG6JfsCU5agmhVvm/xVgCvoU0unk3oYxuAs=	\N	f	+821040758109				f	t	2024-02-09 14:55:28.159588+00
30		\N	f	+821077409265				f	t	2024-03-02 11:19:39.500657+00
23	pbkdf2_sha256$600000$yNsrbljpcq2AWvIlXUE0kE$iI3/LU8X4dBM/dBLmPLRdN1bTUkjkQvb9Wj8XFMqhJ8=	\N	f	+821075370050				f	t	2024-02-25 01:23:56.313996+00
18	pbkdf2_sha256$600000$ct6xIJu71rxC0pzYMZicQx$ZN3fIvG6bkucFXwgHG/0lZ3I/7pPcs9xntCRr2NR8aA=	\N	f	+821028023831				f	t	2024-02-19 03:05:51.120856+00
12	pbkdf2_sha256$600000$Y5WFeEVolzqF7cY4nKHusY$mnbrYUJVBCMBZRrFWX5j9pLsjx09b5McNEO42QO39s8=	\N	f	+821057618906				f	t	2024-02-10 12:20:47.629921+00
19	pbkdf2_sha256$600000$yMrtr3gJsSW1iqP7srutLw$r9A29GdPCEI7yF0ANRd0isPx8nmDQJh3OhwKFjB8wcA=	\N	f	+821043311666				f	t	2024-02-19 11:21:06.408174+00
27	pbkdf2_sha256$600000$LZ7F4tXwQprP4G4Yg9pWHG$+9ZShd+YJbFTQYa/QHdML4/G5nroLJq+x3hIlL37Afc=	\N	f	+821021437183				f	t	2024-02-28 09:11:06.989859+00
31	pbkdf2_sha256$600000$3aAQOlmk6MoEMEx2NIs7Tj$WNzGkCdHiUAXEvlyJ9grk9fia/7l8/+Yoaas3Non1g0=	\N	f	+821097625547				f	t	2024-03-03 03:54:03.632665+00
11	pbkdf2_sha256$600000$VTPYgaXfgTYDomhTMQJPHF$oaynoRRHgve9GLBp9LHO8iPmoo1mIwCIO6sp9G+VbLA=	\N	f	+821080883039				f	t	2024-02-10 12:19:57.049448+00
7	pbkdf2_sha256$600000$ODJgvOGZ65bayqRFSKU13J$18HonOO1GxsaGbTlqjXBreaBqDKoQ4DpVlU45CJ6lKA=	2024-03-26 16:22:59.411826+00	t	+821057344342	test			t	t	2024-02-08 10:16:38+00
34	pbkdf2_sha256$600000$Ywu44D2skfz0YkrTe2XiEm$2YrTSMVekP2ha+Qmm6aM7h/WSxlOwaWnMBLDP/Lpc5w=	\N	f	+821021830367				f	t	2024-03-07 12:55:05.251763+00
3		\N	f	+998979407404				f	t	2024-02-07 10:11:39.29027+00
4		\N	f	+821081424342				f	t	2024-02-07 10:26:17.068676+00
5	pbkdf2_sha256$600000$5JRkYnBZzcoFKh4SXKvhO8$qWXVu6gigyDtSxzddE+DkJNjvZFztg9PCf1gaHadIf8=	\N	f	+821084814474				f	t	2024-02-07 11:46:29.929655+00
22	pbkdf2_sha256$600000$QGeXMN4k7UEkV0acPUH30N$DKq3LJ1M9MNPivyht3YUkROy3JDlk+BHCyHh2TPS6Fw=	\N	f	+821046470571				f	t	2024-02-24 09:48:55.345522+00
20	pbkdf2_sha256$600000$0VOazPM8726TPeJmb0r7wT$Ui6yGrUaYy0r6D/N4S0V2qxXGyCi+vy0DPXi5V4nzwc=	\N	f	+821064999922				f	t	2024-02-20 10:22:55.445576+00
13	pbkdf2_sha256$600000$1lIVFhleYQvYER0uA6uAvJ$XGBfp5SAMsEp0iNYgJ80uFd1eQWiDYtNUosV9SuD13I=	\N	f	+821096530898				f	t	2024-02-15 15:28:32.649404+00
48	pbkdf2_sha256$600000$lJWVuNJDg0OQujU0qmERWR$sybniS3xh4QI1ANjvSVJhQAG0jzakDKDTwVrrd17ANs=	\N	f	+821096530989				f	t	2024-03-20 03:33:24.917998+00
28	pbkdf2_sha256$600000$t5lhblwACQImc5gOYhDd5S$v1ikwv3OOUj8hADQ9yc9c9vxrVbqJKBMzvGIEpFJ9qo=	\N	f	+821080297556				f	t	2024-03-01 05:07:24.719685+00
24	pbkdf2_sha256$600000$OtyhJw2CMssVnkzo5kHA1s$c4Ab17FNmK18aa5ABRaS1egccaUr2mW3j73MlaSSvaY=	\N	f	+821044747707				f	t	2024-02-26 04:04:59.931063+00
14	pbkdf2_sha256$600000$fzh4IVtEjfc3chXNtCl5CA$8AmmdKy6Ej+hGv9FZ48J9GppPduuRUbtfa0XOTl1sKA=	\N	f	+821076414440				f	t	2024-02-17 04:40:34.641527+00
37	pbkdf2_sha256$600000$ub79qQSBv3OvUMywpsPeG0$QvgQk2sc0kbr/84XmJj77DpzJ74Scw5v4tr4RWQU1GM=	\N	f	+821073128710				f	t	2024-03-10 09:13:21.651289+00
29	pbkdf2_sha256$600000$KvrsuAr0wVvKnep0cVasPE$+w/mXBCC9Oq7T6iNhicW/PEBJDnsyePK6yuFtTKwC50=	\N	f	+821072933239				f	t	2024-03-02 02:37:18.163099+00
25	pbkdf2_sha256$600000$irmArk5ynWS0vibXNM6CXH$CynQCmBwZOnZP6bglD355Ez3oJJgfCi7tSI0zCoLQm0=	\N	f	+821059418510				f	t	2024-02-27 03:07:42.179235+00
21	pbkdf2_sha256$600000$bVOXAF1q7EQAQ1VSM7DKpm$hpJXEwnSdt1nYwQWCVvFPO+wM48tsiiyx7qyfIxGx/4=	\N	f	+821048839794				f	t	2024-02-23 14:51:09.73211+00
38	pbkdf2_sha256$600000$x7A0okOdGz8LhIYE9szL4W$nOmmwS/K5RMKuAnBVPdCDoimIdpOX1Q81Ft2HgMtD/c=	\N	f	+821067793226				f	t	2024-03-10 14:27:33.804336+00
32	pbkdf2_sha256$600000$BrYcUdJT8NDTqJZ4gab2zD$OjNShdLzRcB92f+A/3K8dYT2820zube47xj8Slu9ZI8=	\N	f	+821029437117				f	t	2024-03-03 08:23:33.842179+00
26	pbkdf2_sha256$600000$iI4cRZbH7wW5hcoXCSQwnu$R94x1ZJwyzGsSWZdUNeUxFVptlCH/QSsTsgUXGLVp+Q=	\N	f	+821023049698				f	t	2024-02-27 13:44:04.0933+00
35	pbkdf2_sha256$600000$5ACPBM45yIRJGlRiAXF9WP$HaWmQVYp8ykOyjg4DXkhYBDUOtghI87HyLgI55nd1Q0=	\N	f	+821075915955				f	t	2024-03-08 08:08:53.826085+00
33	pbkdf2_sha256$600000$GRHtJT5b8nWkT3DAgrCxBJ$TwPDIbitMCjIKSY479oNALqLbCToYBjcF1jUlXxIjCQ=	\N	f	+821034978894				f	t	2024-03-04 09:02:35.679233+00
47	pbkdf2_sha256$600000$wNEsgnIkPXSEuVPDMY9GSe$oECi/IQ+VuLSmSW8NX6dJRXMz9m2sN97iGREIUvtflI=	\N	f	+821021424342				f	t	2024-03-17 08:05:39.579922+00
41	pbkdf2_sha256$600000$KtnhOmgH4NToBsAd4h8fsP$eXs4Mw6EEL2W5aD0On6TnUFBoJraXyqv50EXfJbCQ1M=	\N	f	+821068502499				f	t	2024-03-14 10:00:10.273525+00
39	pbkdf2_sha256$600000$hTL8DGptaikedhytNgiLni$vkiYerPJaIcSLg376hU2Ldiw3snyNIP5M93ViLnay74=	\N	f	+821082386142				f	t	2024-03-12 19:59:26.526496+00
36	pbkdf2_sha256$600000$jPwnmhSfE90bSazgJbPh6O$O462CFEk5L5iSvHwqw8Z5KYDJs0/KEnZ7th74AQJqtk=	\N	f	+821034336777				f	t	2024-03-10 08:42:22.993925+00
40	pbkdf2_sha256$600000$JIWHOejeeCWkSw4QUXNTUq$vH1u9QR7I2nb09wvEb72NYzhcP8y42JGM1ae2HsyVPY=	\N	f	+821057319172				f	t	2024-03-14 06:26:09.055261+00
52	pbkdf2_sha256$600000$ToHt7n6GnrE5b8pcmXEDsQ$3/gjo6i/y/GbA4MQ2RRg4UKmjf327zAxp4j+uql/NEw=	\N	f	+821095561412				f	t	2024-03-23 00:30:22.030569+00
50	pbkdf2_sha256$600000$JkNN2w61UnRghHSphJnRiw$UvRfCEoF9GynHlugyvmSFYMGDGRDyiEYj9RJSa2MhH0=	\N	f	+821074534454				f	t	2024-03-22 02:22:17.357494+00
49	pbkdf2_sha256$600000$lDVHHMdUiAAVdaSvmkegOB$u0zVefadByuJEdjqZLAADDPUoVlhvQo3JBSmgw/8+Xo=	\N	f	+821081120724				f	t	2024-03-21 13:03:59.367867+00
51	pbkdf2_sha256$600000$U26DUYBp8q52FYNqux6CXI$SzccrwWCW/rsPtAFzT60FmxGB/5qgrpakz9Kg0shAQw=	\N	f	+821026187666				f	t	2024-03-22 10:50:08.315339+00
53	pbkdf2_sha256$600000$e3BigBQavhUeyJJ0H95Ptg$bCUGSah4b4Z+On4F+pihkBeIs10IqnLr1oMQovOugl8=	\N	f	+821076043931				f	t	2024-03-23 09:33:46.462384+00
54	pbkdf2_sha256$600000$ImeoZFYwGiRSF35ymbqkJ2$VabTwuqrZsCHz87TmEF/8m5bDDsxJIw9OrJkXYdYh/4=	\N	f	+821044417786				f	t	2024-03-24 05:05:45.774546+00
55	pbkdf2_sha256$600000$4DXqUwua2cZ9o8CrN5voEH$xWL32ggEGqeOOK+ZaH7vtrkqUH8YD3jVfw0522FCr0Q=	\N	f	+821057939202				f	t	2024-03-24 09:17:44.314642+00
56	pbkdf2_sha256$600000$gUZxYxaeyo3QF6ekPL9uZi$HUjkorH+GIV+fq5T4IoefhWO85KkSK+vQoovzk7Rjro=	\N	f	+821059619944				f	t	2024-03-24 23:10:46.26898+00
2	pbkdf2_sha256$600000$7IT253ovEKzrzezlq36c0c$woIgJJsjlONoDueKA1D1K4MKFNviPa2d/hxhpQl15Mk=	2024-05-03 12:20:25.061066+00	t	admin	Million	Halol mart		t	t	2024-01-24 15:48:31+00
57	pbkdf2_sha256$600000$ZSNNmRbhLfxBGi0sb0Qz9Q$UJJzCov9/PpuvOWaaafmKaSW//7j9t/WdI3ksWqk2BA=	\N	f	+821065464419				f	t	2024-03-26 03:00:26.316733+00
65	pbkdf2_sha256$600000$g8sTk3Pm7Y94WbeoEqj2Bl$vlKIeNBw9OkTVkdd6FxAvt+G5kAqsR/PC+7WcB+kEpU=	\N	f	+821059268581				f	t	2024-04-02 07:44:20.144739+00
77	pbkdf2_sha256$600000$EZsdzUFyC4KAyJi28Iy3ip$nwQNAy5RATCDQAYSbFUWnww7XN4Z7x4f+FV29kE1BBw=	\N	f	+821042073302				f	t	2024-04-17 16:53:28.215631+00
78		\N	f	+821073281144				f	t	2024-04-18 08:06:59.599355+00
90	pbkdf2_sha256$600000$ua5mvHwFuFrgNyA12IvBRb$uhQHOCUs8CUHSTYJG1q8M+qbpwfbvtYg3WDXW73vx+0=	\N	f	+821028910688				f	t	2024-05-05 22:38:01.929313+00
66	pbkdf2_sha256$600000$xznQq64BmVwdOuc9w3wQGG$6jdc2VmxdmzaLRrH/T4CXgPybYSvLBjdSfgkFrElk6A=	\N	f	+821038027269				f	t	2024-04-05 08:21:25.150878+00
58	pbkdf2_sha256$600000$Oy5P0LbPmr3uNeqqnWvAs6$gcpDI0MrvRuXfl1WU29CdlUkgXLO7nslcw6oj5fmkmg=	\N	f	+821083879708				f	t	2024-03-26 03:04:56.446373+00
84	pbkdf2_sha256$600000$mHgCcQtoohcoVxf3UOtXUC$zVy91MJPWzEuSOU7pS8Uuw6G4+Mp9H0AqAvzSwCxZl0=	\N	f	+821064651995				f	t	2024-05-03 21:48:51.791395+00
59	pbkdf2_sha256$600000$zNQmJ7J0PwUBxKID4xajDo$LF4uys2dEu7DHqkqSzaokAQva1yAUsM+odTF5+U5560=	\N	f	+821039171177				f	t	2024-03-26 13:33:20.360102+00
67	pbkdf2_sha256$600000$5n67aJiviOKcsqr7VK8Wel$GS3VAnsdLmyBkPOVaNYeBzaSlWTWEHIt3szPANxcyjI=	\N	f	+821072132991				f	t	2024-04-06 06:00:42.814392+00
83	pbkdf2_sha256$600000$kJcb44GgodmRZ515c855T1$D9/svLT11RCFUzTOB50sqJf0Kc+B4Oi8/NueJSvVcjA=	\N	f	+821021147277				f	t	2024-05-03 21:48:08.103324+00
68	pbkdf2_sha256$600000$js2cHt2T2TlSiGFdlNGXjO$wdZWTh4tCXwG+5RVencRTzGyBEeqe4ugc00lyF8ONS4=	\N	f	+821022757707				f	t	2024-04-07 23:26:51.662968+00
60	pbkdf2_sha256$600000$Q0AHbBd9AZe153CAAMZK9c$6T2nlxLYOZ20hqeNC2qQ+H2G9U4zjFzI3+v22qipwTE=	\N	f	+821074193556				f	t	2024-03-28 09:10:10.026899+00
61		\N	f	+821068651048				f	t	2024-03-28 10:17:11.680573+00
69	pbkdf2_sha256$600000$SwHJ5Iq6p0OOzjVyOCsiSw$j8eMTJ25IcGQs/WnblaY3Cg6k5oitdb9eOY+hhhutis=	\N	f	+821046479207				f	t	2024-04-08 03:25:40.128057+00
94	pbkdf2_sha256$600000$x7q065p1rCDV8PyAuf3X1J$+K6/bI2TSd3aRkoIschaPeGfLO/9bf5gXaCNNCi/oCM=	\N	f	+821058612983				f	t	2024-05-06 11:09:28.281851+00
62	pbkdf2_sha256$600000$osTaowvA0Dh6WtGkOIPVtL$F0td75h7/0SBLel6Q5lEAvCf4NDSo1btBLq03hzRlgQ=	\N	f	+821047406606				f	t	2024-03-30 15:23:32.810486+00
87	pbkdf2_sha256$600000$t6iC0753PhAqNRtUB9Zzr9$r4UCxj3yCrqCDfD0CEaLlovTmkcWSOP5JvKLmRPx0a8=	\N	f	+821027545777				f	t	2024-05-05 03:27:09.637197+00
91	pbkdf2_sha256$600000$KMSwdhsGzQbE7f83aK8EIF$XkkittChwa6OtRvS3HbGgOC40LPD5wJGZ9nsWG6jd2U=	\N	f	+821076489073				f	t	2024-05-06 04:58:15.774607+00
70	pbkdf2_sha256$600000$HSnTFGCMJ0R0shnsvy7x5D$K6hhq9Kvz3ETugnhqcCVziK1mSbHhconqXfSPv2QMdM=	\N	f	+821051575005				f	t	2024-04-13 10:08:04.218738+00
71	pbkdf2_sha256$600000$cjIg487kQJzK0Q275ooUtA$Tv/5BIvtqHifBHQozRo4QlFE3fiTYrZDsnZ1McQZoeU=	\N	f	+821094346468				f	t	2024-04-15 09:59:11.858559+00
63	pbkdf2_sha256$600000$ytCsvQq7Xb8xlsPZJsv1gF$ZkBYnDsxRe4qoH5+5YPiovKaerQ2lQGSU6lP8b1+j5k=	\N	f	+821097806770				f	t	2024-03-31 11:35:43.999151+00
79	pbkdf2_sha256$600000$4pmpRJfjTW7TNwe0B68weZ$rJ+P18zu94Ev1atj2ACd5L6snOECBP5VqDpVQCT1nBE=	\N	f	+821082051122				f	t	2024-04-19 06:28:15.192851+00
64	pbkdf2_sha256$600000$5hCIrNbPmoImFkogWKace7$VTNcft45cEB6YkQLF8jGwNxg2zJNUKIRqjQIDxec92A=	\N	f	+821082474884				f	t	2024-04-01 18:06:21.241689+00
80		\N	f	+821031579095				f	t	2024-04-20 02:53:22.162842+00
98	pbkdf2_sha256$600000$gd70CubkgPqbzGpaUyGKjD$9hthGNKtwCKNdWvopBFe6sdDvKy4s+wqs+9isYxlBs4=	\N	f	+821044015769				f	t	2024-05-07 10:50:46.87307+00
72	pbkdf2_sha256$600000$lvtq74DXJvMN3ihJztHMkl$9lyVaxZ0WxDQ5mOkNMQ0iy5ixznwiHXZgaA4qv6r4F8=	\N	f	+821021117540				f	t	2024-04-15 11:41:04.07715+00
73		\N	f	+821021347864				f	t	2024-04-16 01:44:07.674458+00
74		\N	f	+821068688688				f	t	2024-04-16 21:27:20.052659+00
88	pbkdf2_sha256$600000$F1UeP0GFMxyIyG8YD9L0qQ$S2+W6cHk8ZZL5bwMSxf1Ni6idhAIKsRN2GbzSawZ4iM=	\N	f	+821080945411				f	t	2024-05-05 10:58:02.192275+00
75	pbkdf2_sha256$600000$hMd0SushS0FZHSityZL6mD$5Pb1jfSGB2uOjiYX5UxrS20ePBk6S7QhofI/YJGgHoY=	\N	f	+821057914984				f	t	2024-04-16 22:34:02.089954+00
76	pbkdf2_sha256$600000$wirfIaBTyYs9zSCbhueWQe$cMpTbu7SC90Q+Y3HusL/u0Vk0y1juqQkoCA/7KcQ6b0=	\N	f	+821020297310				f	t	2024-04-17 03:50:53.832265+00
81	pbkdf2_sha256$600000$agc4Sfn3VcNL73KKjPbeOc$iT2IUHmK3B2eszP2UlhTCsGyzzltcsqYE3LjwizAnjc=	\N	f	+821032476777				f	t	2024-05-02 09:09:09.630788+00
95	pbkdf2_sha256$600000$8elSmD1eEJA3MGckjV4UpX$HBDwrdsrD14wbcFMANR9vJ3kB6KADeRKxTTHjfsKFqw=	\N	f	+821049217778				f	t	2024-05-06 12:06:00.088523+00
82	pbkdf2_sha256$600000$hzCgveR3Id3U4t7qhOSULi$zebZyqttY+Cz4DBvJQl2rmb5U/+0LSbPwCW/EsnmwAs=	\N	f	+821072766558				f	t	2024-05-03 12:35:18.268272+00
92	pbkdf2_sha256$600000$mBDFGWZtxt1cUErGVpkX0V$qYzNfhON8gwbTXEOTl2bT/tcYaVAQ1Y5SynUzmvExqI=	\N	f	+821065318488				f	t	2024-05-06 07:35:29.315989+00
89	pbkdf2_sha256$600000$jfAi2Ir2zwH9TZR3QYIPdE$za8hoHsKiJ6TwBeVK1ErkXiYPQXhyyMROK/sydxZ0EA=	\N	f	+821043700440				f	t	2024-05-05 14:08:39.476612+00
85	pbkdf2_sha256$600000$knw8Z7z38cHRpcC8v5rIyI$oxxGVol74ehGtEHPchk868VYWI9VcBzBBxRC3wxgg38=	\N	f	+821074102985				f	t	2024-05-05 01:48:29.453185+00
86	pbkdf2_sha256$600000$XYnXLL7MWelcbbFguRozSf$Or+4/EgKbwl49P2/Op0ldUD31h1lKXSpOlNfLWnM6jU=	\N	f	+821075614819				f	t	2024-05-05 02:39:05.85566+00
100	pbkdf2_sha256$600000$7oRsyyHV8JrIGVgJbO8jSS$99ko8b3GQ3/Y5qK2mQK3BITSSiyCP5BQ9/hLK3YNOZA=	\N	f	+821084691982				f	t	2024-05-07 22:27:17.504616+00
96	pbkdf2_sha256$600000$6bPbPaMJwNf9x8ibz3DJQh$sOxmS6RTb8lXsjRN0ooSV4pBt/YG5SLFFz1or9T24pQ=	\N	f	+821058230989				f	t	2024-05-07 07:42:23.989337+00
93	pbkdf2_sha256$600000$3pKP1SdJ4UkZuKMTphZByD$OkJhS25nsJ4tV/+EPTG3a4QrJbvABXh670ap5piJYag=	\N	f	+821023688444				f	t	2024-05-06 08:19:17.368698+00
97	pbkdf2_sha256$600000$PWricydXSvUnqchRCz202u$VehLSgfpndwYQZnNlUYa/Dm+qItd79qXXxxp6qI/w38=	\N	f	+821097944708				f	t	2024-05-07 10:47:03.172067+00
101	pbkdf2_sha256$600000$TSMTzUAm5ODuznjTzm9ZTw$FNCUobQ7WJvGs+UqiZEQNPr7lRXZRHSeWYoRa+4l7tU=	\N	f	+821058907977				f	t	2024-05-08 03:47:03.39692+00
99	pbkdf2_sha256$600000$054oPRQJ4ANfZmhkTRbBpj$nol8AWwHs5WrIdUGYqomRxybH4N2kst5S3MFAf+d/e0=	\N	f	+821088529795				f	t	2024-05-07 14:04:20.300883+00
102	pbkdf2_sha256$600000$tRYlhUGYv4YMVESAsbRlGa$I3YLOOcP91EKInMHwTaI6h1TmUMWL/PymwzXatvZocM=	\N	f	+821063169795				f	t	2024-05-09 03:57:02.649516+00
\.


--
-- Data for Name: auth_user_groups; Type: TABLE DATA; Schema: public; Owner: username
--

COPY public.auth_user_groups (id, user_id, group_id) FROM stdin;
\.


--
-- Data for Name: auth_user_user_permissions; Type: TABLE DATA; Schema: public; Owner: username
--

COPY public.auth_user_user_permissions (id, user_id, permission_id) FROM stdin;
\.


--
-- Data for Name: authtoken_token; Type: TABLE DATA; Schema: public; Owner: username
--

COPY public.authtoken_token (key, created, user_id) FROM stdin;
656cc254e7b984c9d93da73f3681ab17b58aac2a	2024-02-07 11:47:40.662181+00	5
0733106352e643c31fc2b2026b927cd5561551ae	2024-02-08 10:17:10.113521+00	7
d500ebafd8a8f5b0be4b08d9a21a725c61b05681	2024-02-09 14:12:14.717481+00	8
c8dae635b84c7d4893160c8ef7fdec90d398eb4c	2024-02-09 14:22:47.340597+00	9
580adb302494b7070d83987fbf20236a53c81485	2024-02-09 14:55:52.342611+00	10
204cc1e3067a1cd0e9a17c3bc95d47a998fbc6c0	2024-02-10 12:21:09.70817+00	12
579f8a053da5039927afe692a99d1c0efabd36c4	2024-02-10 12:21:41.378412+00	11
e5da7b9b1317d74008bb2a0e475cab3209cb411b	2024-02-15 15:29:11.582626+00	13
1f8dad92d24673123a530f7d822105b39ab23ffe	2024-02-17 04:41:11.474473+00	14
dd2aa6415bfbdc7df00421a0f7e14715ba342d03	2024-02-18 06:24:26.320628+00	16
9a6c86b36c6bcf9f0350f39037fb130867a51d1b	2024-02-18 14:19:55.113278+00	17
0266653e4d00f1248a1cb621620ef545f20da6a4	2024-02-19 03:06:36.90231+00	18
991a14cf56548c2647f30682faca64f97c6ca4f6	2024-02-19 11:21:35.085926+00	19
ba5b0df5b4fb7b149c08846542cabb4e0b157c3d	2024-02-20 10:23:37.504296+00	20
48052b2fa659501c1b858276310b7978b5cb573b	2024-02-23 14:52:01.038754+00	21
60817cd4395052fd2625980e05f23be6add973fd	2024-02-25 01:25:01.849165+00	23
6f4558f8abb169a8e8044bbf2d78352e17b8ef7b	2024-02-25 10:56:10.573638+00	22
c962d36a6f8f67508a923bdd7a12e87575f3a1bf	2024-02-26 04:05:37.28842+00	24
f7a588cbd800fd2dabc982519bd905fabe5f53d2	2024-02-27 03:08:14.391876+00	25
17d9f9b43a0319c0d9d0f5d3825fefe5c789684e	2024-02-27 13:44:44.452634+00	26
2df68ee62df60f606c9e04e5e16b27ac12364d66	2024-02-28 09:11:52.17048+00	27
fde37542d0b141ed978ed604e0978943738e6de0	2024-03-01 05:07:52.131862+00	28
29b0ddcd69e85c94e16abfeb2cfd445ef0ba9a81	2024-03-02 02:38:03.151537+00	29
06321a5e1b2fd184731d7a2297bbccf767aa33f6	2024-03-03 03:54:37.793965+00	31
03e7b0e6ca6f630f420d8c13a8451cb3460fcb18	2024-03-03 08:25:13.869108+00	32
1193cf375d88ec80ca7853bc5ef86c58c3f4f136	2024-03-04 09:03:01.28303+00	33
c724587cc59206c9a30c509c2f05305f460ba5a1	2024-03-07 12:55:34.064044+00	34
b87f722b7f72c4b06b79f675b8c478dbf47ab919	2024-03-08 08:09:19.913461+00	35
a6888a7f5dd5570e72077d76835b4cc7f3b0c685	2024-03-10 08:42:54.324484+00	36
0fae7f33cdaf54a2b6bed7628aea5f7b12663191	2024-03-10 09:13:54.196479+00	37
fbebfefa662147310702f55fac743f76cd4b6cf1	2024-03-10 14:28:08.640948+00	38
c45c4ac3af67b1038a951df4cd112f6fd73e2d03	2024-03-12 20:18:10.229212+00	39
64f2cebf2c85309f4ef67fe369376589526fce72	2024-03-14 06:31:20.911965+00	40
adf6eac038512d7f479118f3feb958f51d3ee44c	2024-03-14 10:02:43.501311+00	41
6c0560babd1b87b24bec3f66a17dd375246f67a3	2024-03-17 08:06:06.480813+00	47
a7654bae659b45fbdbea426adcfd3a332bf3c9be	2024-03-20 03:34:01.156184+00	48
8b097433d3b660e696ac756be41e64ae3f2f7512	2024-03-21 13:04:30.250616+00	49
14e52fd8e2f84126259b34ba329613e945363670	2024-03-22 02:23:13.58398+00	50
a3f8a6ffd622061c687b42243b70116f2be732e4	2024-03-22 10:50:40.228803+00	51
3057ee1989982dd071cdf209424b42fb9025d5a0	2024-03-23 00:30:52.069712+00	52
24906dce06a9435e96e730564515893bfe298721	2024-03-23 09:34:19.153741+00	53
3722ef4fa5eb0f45b4422419af0dcc60be7a3a38	2024-03-24 05:06:11.810838+00	54
416faf018e5c129106929bdbc5dcbfde58e2b37b	2024-03-24 09:18:10.550653+00	55
d3893f72e674c256411d891a95adf98ca57ee371	2024-03-24 23:11:29.195314+00	56
5c0e2b95ce4702fe5b68ef65bfafc27a588760a7	2024-03-26 03:01:08.291319+00	57
b0461320ab005c156dfc490c0975ca2079f63856	2024-03-26 03:05:26.304733+00	58
83913f2d5baf26f943d71bc3d3fd7123c39ac1c7	2024-03-26 13:33:54.802574+00	59
c4959deeb0518a6ca15ef210e924e74687f001ca	2024-03-28 09:10:51.131577+00	60
6d79ad524d2b067738a70f65be47fd8b9bda32ae	2024-03-30 15:24:04.514386+00	62
752881371ef385a03e4dac2125599fcc3807a4d3	2024-03-31 11:36:15.322183+00	63
6dc056545ce22cb5210024da3ed58b7fd1f81e46	2024-04-01 18:06:49.433203+00	64
cb5b191bfd6ded60220dd9173c160d153b29b8bc	2024-04-02 07:44:42.925885+00	65
db1297b75a1acd908cb56a4fcfd83a46b7493c21	2024-04-05 08:22:09.534772+00	66
c694f92665016fad93b40655c88749e3e8e3e78d	2024-04-06 06:01:25.388369+00	67
2ee5935eac26805bcf60aace7ef250d4d84c840f	2024-04-07 23:27:18.948006+00	68
54303a066cd3a471dfe56f51125adab20133dd06	2024-04-08 03:26:05.12712+00	69
88b9c0a6576cd950794ec67604c6df5d1b2c0876	2024-04-13 10:08:44.869808+00	70
e159d466ee2a9277fb398ac49345800abec03207	2024-04-15 09:59:40.057904+00	71
77c76dbf61a658eec57fc871f5f8c613e6c3a48d	2024-04-15 11:41:45.415001+00	72
edb1106ffcdc864b2028f2e8607f4e01bed39783	2024-04-16 22:34:48.240492+00	75
1492c4fa716ae828a0df90af51c2124d73571b28	2024-04-17 03:51:45.623072+00	76
7a4f6b49c966a2d46ea7a7ea6ea9d389e79eaa5d	2024-04-17 16:53:57.219895+00	77
feecac27ab00753b3548c5784afdd5d6c5d74869	2024-04-19 06:28:40.573322+00	79
1304803a7d5802f52dde187474cf2d01fce77c88	2024-05-02 09:09:45.249735+00	81
904f25eb5662ea563990ec1f1532992858ce9972	2024-05-03 12:35:42.031844+00	82
57243a6b6fa3e910c96ed1bf9eb5667999a5117c	2024-05-03 21:48:57.706127+00	83
c8622045ce9c7a05fa29bc29cb81452733663368	2024-05-03 21:49:45.306545+00	84
94157182c583744ebb0a3af15ed73b8e719b7136	2024-05-05 01:49:41.231279+00	85
c3d42001800b34238898ae2475afbdcfaf43ab86	2024-05-05 02:39:43.308464+00	86
e01f5ec1eb10a574a194b9684191981ee18dfa74	2024-05-05 03:27:27.202116+00	87
1de9bbaaca58d2b6b44c27e656c5b94f52e772ab	2024-05-05 10:58:37.324362+00	88
7afa0da87c0b43cc93b2eb635a89f407a90feca8	2024-05-05 14:09:07.190813+00	89
399ab5ab530dc3c1cfba74ba9cd60b438f704f5e	2024-05-05 22:39:14.107993+00	90
079bee0a21580b62be63a0df28f0176be6724365	2024-05-06 04:59:07.393199+00	91
e580c2c7782b6c15dfbdfb0b5087df6c62e5fd17	2024-05-06 07:35:59.134315+00	92
bee5045b0b6c1a2c7c0413ef8ef35bfc7553af43	2024-05-06 08:21:27.89282+00	93
1a51f77593e659147aba7acce60950360a496335	2024-05-06 11:10:19.78025+00	94
fa972effc4d3c1f1e23237669ec4063c5ac68d15	2024-05-06 12:06:34.631801+00	95
5c6f87c7b08a639d3926c88585fd681f1be4deca	2024-05-07 07:42:57.817958+00	96
ba5c59a96630c3f5554d03d84388fd02d5f1e06e	2024-05-07 10:48:24.079748+00	97
709a40b8a3be7c0ef96977e9dfee20de26e7db6e	2024-05-07 10:51:14.688015+00	98
8df2a1b8e1074df5405350c30aac6abcbab1b70b	2024-05-07 14:05:17.275399+00	99
24ffef184002150402527f01361d6fbfc878845a	2024-05-07 22:27:57.882441+00	100
0645b5b947247448c730f7b27c130819a3ec279b	2024-05-08 03:47:33.505589+00	101
ad3888c6ec155f276f3c585833564fbf26882661	2024-05-09 03:57:42.194915+00	102
\.


--
-- Data for Name: customer_banner; Type: TABLE DATA; Schema: public; Owner: username
--

COPY public.customer_banner (id, created, modified, title, image, active) FROM stdin;
\.


--
-- Data for Name: customer_favorite; Type: TABLE DATA; Schema: public; Owner: username
--

COPY public.customer_favorite (id, created, modified, product_id, user_id) FROM stdin;
143	2024-02-28 06:55:11.82664+00	2024-02-28 06:55:11.82664+00	2	5
144	2024-02-28 06:55:21.179177+00	2024-02-28 06:55:21.179177+00	17	5
145	2024-02-28 06:55:21.287249+00	2024-02-28 06:55:21.287249+00	25	5
90	2024-02-25 10:58:20.676525+00	2024-02-25 10:58:20.676525+00	20	20
146	2024-02-28 09:16:43.74239+00	2024-02-28 09:16:43.74239+00	12	25
156	2024-03-02 06:30:41.481665+00	2024-03-02 06:30:41.481665+00	10	5
157	2024-03-05 16:38:55.857994+00	2024-03-05 16:38:55.857994+00	10	3
158	2024-03-06 09:58:13.734085+00	2024-03-06 09:58:13.734085+00	71	3
162	2024-03-18 18:09:48.433202+00	2024-03-18 18:09:48.433202+00	132	3
163	2024-03-21 21:44:22.079943+00	2024-03-21 21:44:22.079943+00	92	47
165	2024-03-24 20:36:27.374007+00	2024-03-24 20:36:27.374007+00	9	51
168	2024-04-18 05:37:30.892667+00	2024-04-18 05:37:30.892667+00	26	3
170	2024-04-19 22:45:43.104801+00	2024-04-19 22:45:43.104801+00	26	76
171	2024-04-22 15:34:31.408915+00	2024-04-22 15:34:31.408915+00	64	45
172	2024-04-30 14:18:08.678016+00	2024-04-30 14:18:08.678016+00	12	3
\.


--
-- Data for Name: customer_location; Type: TABLE DATA; Schema: public; Owner: username
--

COPY public.customer_location (id, created, modified, address, user_id, active) FROM stdin;
24	2024-05-07 06:57:51.12614+00	2024-05-07 06:57:51.12614+00	   86-8	76	f
\.


--
-- Data for Name: customer_news; Type: TABLE DATA; Schema: public; Owner: username
--

COPY public.customer_news (id, created, modified, start_date, end_date, description, image, active, title, description_en, description_kr, description_ru, description_uz, title_en, title_kr, title_ru, title_uz) FROM stdin;
1	2024-01-31 15:23:45.982628+00	2024-03-14 08:42:37.672485+00	2024-03-12 00:00:00+00	2024-04-12 00:00:00+00	<p>Million market announces new promotions in connection with the month of Ramadan</p>	media/news/SSSSSSS.jpg	t	RAMADON SALE	<p>Million market announces new promotions in connection with the month of Ramadan</p>	<p>Million Market      .</p>	<p>          </p>	<p>Million market ramazon oyi munosabati bilan yangi aksiyalarni e&rsquo;lon qiladi</p>	RAMADON SALE	 	 	Ramazon Aksiya
4	2024-02-08 12:07:04.499743+00	2024-02-08 12:07:05.298874+00	2024-02-08 00:00:00+00	2024-02-29 00:00:00+00	You can download the mobile app from playmarket\r\nDo not hesitate to contact us if you have any suggestions or requirements	media/news/download.png	t	Million mobile application has started its activity	You can download the mobile app from playmarket\r\nDo not hesitate to contact us if you have any suggestions or requirements	     .\r\n       .	     .\r\n    ,     -   	Mobil ilovani playmarketdan yuklab olishingiz mumkin\r\ntaklif va talablar bo'lsa tortinmasdan bizga murojaat qiling	Million mobile application has started its activity	     .	     	Million mobil ilovasi o`z faoliyatini boshladi
5	2024-02-19 15:58:37.297609+00	2024-02-19 15:58:38.587189+00	2024-02-19 00:00:00+00	2024-02-20 00:00:00+00	dasd	media/news/Screenshot_from_2024-02-15_20-28-11.png	t	Lorem ipsum lorem ipsum 1234 232323	dasd	asd	asd	asdas	Lorem ipsum lorem ipsum 1234 232323	Lorem ipsum lorem ipsum 1234 232323	Lorem ipsum lorem ipsum 1234 232323	Lorem ipsum lorem ipsum 1234 232323
7	2024-02-28 06:57:46.816864+00	2024-02-28 06:57:48.211632+00	2024-02-28 00:00:00+00	2024-02-29 00:00:00+00	Million halol mart ilovasini playmarketdan yuklab oling	media/news/download.jfif	t	Million halol mart ilovasini playmarketdan yuklab oling en	Million halol mart ilovasini playmarketdan yuklab oling	Million halol mart ilovasini playmarketdan yuklab oling	Million halol mart ilovasini playmarketdan yuklab oling	Million halol mart ilovasini playmarketdan yuklab oling	Million halol mart ilovasini playmarketdan yuklab oling en	Million halol mart ilovasini playmarketdan yuklab oling kr	Million halol mart ilovasini playmarketdan yuklab oling ru	Million halol mart ilovasini playmarketdan yuklab oling
8	2024-02-28 07:17:09.364896+00	2024-02-28 07:17:10.149877+00	2024-02-28 00:00:00+00	2024-02-29 00:00:00+00	Million halol market endi yana ham qulay talqinda	media/news/download_0F8iHsh.jfif	t	Million halol market endi yana ham qulay talqinda	Million halol market endi yana ham qulay talqinda	Million halol market endi yana ham qulay talqinda	Million halol market endi yana ham qulay talqinda	Million halol market endi yana ham qulay talqinda	Million halol market endi yana ham qulay talqinda	Million halol market endi yana ham qulay talqinda	Million halol market endi yana ham qulay talqinda	Million halol market endi yana ham qulay talqinda
\.


--
-- Data for Name: customer_profile; Type: TABLE DATA; Schema: public; Owner: username
--

COPY public.customer_profile (id, created, modified, full_name, phone_number, cashback, otp, origin_id, lang) FROM stdin;
33	2024-03-08 08:08:53.917861+00	2024-03-08 08:09:02.659701+00	KOSIMOV MIRJALOL ALISHER UGLI	+821075915955	0	\N	35	uz
34	2024-03-10 08:42:23.19269+00	2024-03-10 08:42:32.336317+00	NAZAROV FARRUKH	+821034336777	0	\N	36	uz
3	2024-02-07 11:46:29.94592+00	2024-02-07 11:47:20.530417+00	Sadullaev Dilshodbek	+821084814474	0	\N	5	uz
35	2024-03-10 09:13:21.662932+00	2024-03-10 09:13:32.906667+00	Jonibek	+821073128710	0	\N	37	uz
6	2024-02-09 14:11:55.847707+00	2024-02-09 14:12:01.064531+00	rano	+821039434342	0	\N	8	uz
7	2024-02-09 14:21:53.226444+00	2024-02-09 14:21:57.527068+00	Rahimboy	+821058520791	0	\N	9	uz
8	2024-02-09 14:55:28.170255+00	2024-02-09 14:55:34.781736+00	Farxod	+821040758109	0	\N	10	uz
9	2024-02-10 12:19:57.242543+00	2024-02-10 12:20:02.161979+00	Jakhongir Ruzmatov	+821080883039	0	\N	11	uz
10	2024-02-10 12:20:47.637662+00	2024-02-10 12:20:52.751097+00	PULATOV SUKHROB ANVARBEKOVICH	+821057618906	0	\N	12	uz
5	2024-02-08 10:16:38.701718+00	2024-02-14 13:29:08.203568+00	boja	+821057344342	0	\N	7	uz
11	2024-02-15 15:28:32.737156+00	2024-02-15 15:28:40.890276+00	Abdurahmon	+821096530898	0	\N	13	uz
12	2024-02-17 04:40:34.728501+00	2024-02-17 04:40:42.863649+00	Dilmurod	+821076414440	0	\N	14	uz
13	2024-02-18 01:44:07.915599+00	2024-02-18 01:44:07.915599+00	oktambek	+821088443777	0	6000	15	uz
14	2024-02-18 06:24:01.942953+00	2024-02-18 06:24:06.457921+00	BEKZOD	+821021438822	0	\N	16	uz
15	2024-02-18 14:19:30.415807+00	2024-02-18 14:19:37.642771+00	salmi naoual	+821023139987	0	\N	17	uz
16	2024-02-19 03:05:51.227607+00	2024-02-19 03:06:07.888029+00	ADKHAM	+821028023831	0	\N	18	uz
17	2024-02-19 11:21:06.688275+00	2024-02-19 11:21:17.843622+00	Aminova Sayyora Tavakkal qizi	+821043311666	0	\N	19	uz
18	2024-02-20 10:22:55.625607+00	2024-02-20 10:23:06.381132+00		+821064999922	0	\N	20	uz
19	2024-02-23 14:51:09.824458+00	2024-02-23 14:51:21.483994+00	Abdulaziz	+821048839794	0	\N	21	uz
36	2024-03-10 14:27:33.891855+00	2024-03-10 14:27:45.044096+00	Rasul	+821067793226	0	\N	38	uz
21	2024-02-25 01:23:56.50345+00	2024-02-25 01:24:09.296806+00	ikromjon	+821075370050	0	\N	23	uz
20	2024-02-24 09:48:55.360284+00	2024-02-25 10:55:35.919693+00	SOLIEV ASILBEK	+821046470571	0	\N	22	uz
22	2024-02-26 04:05:00.020686+00	2024-02-26 04:05:12.270921+00	NAJMIDINOV DONIYORJON	+821044747707	0	\N	24	uz
23	2024-02-27 03:07:42.380903+00	2024-02-27 03:07:52.516755+00	Matchanov Khursandbek	+821059418510	0	\N	25	uz
24	2024-02-27 13:44:04.277561+00	2024-02-27 13:44:09.915597+00	Mirzo	+821023049698	0	\N	26	uz
25	2024-02-28 09:11:07.080375+00	2024-02-28 09:11:25.465763+00	Sakil Md Saifur Rahman	+821021437183	0	\N	27	uz
26	2024-03-01 05:07:24.822387+00	2024-03-01 05:07:29.339357+00	Rahmatov Husanjon Fazliddin ugli	+821080297556	0	\N	28	uz
27	2024-03-02 02:37:18.262359+00	2024-03-02 02:37:37.134093+00	Bobur	+821072933239	0	\N	29	uz
28	2024-03-02 11:19:39.604766+00	2024-03-02 11:20:18.366519+00	Sarvar	+821077409265	0	\N	30	uz
29	2024-03-03 03:54:03.644125+00	2024-03-03 03:54:12.585596+00	SHUKHRAT	+821097625547	0	\N	31	uz
37	2024-03-12 19:59:26.710689+00	2024-03-12 19:59:42.570572+00	SOYIBJON	+821082386142	0	\N	39	uz
30	2024-03-03 08:23:34.03131+00	2024-03-03 08:24:52.575485+00	Usmonjon	+821029437117	0	\N	32	uz
31	2024-03-04 09:02:35.783141+00	2024-03-04 09:02:44.211253+00	Jamoliddin	+821034978894	0	\N	33	uz
51	2024-03-23 09:33:46.756138+00	2024-03-23 09:33:50.288325+00	Nuriddin	+821076043931	0	\N	53	uz
32	2024-03-07 12:55:05.443397+00	2024-03-07 12:56:28.909779+00	shoxrux	+821021830367	0	\N	34	uz
38	2024-03-14 06:26:09.13944+00	2024-03-14 06:30:27.009581+00	Ulugbek ABDULLAYEV	+821057319172	0	\N	40	uz
52	2024-03-24 05:05:46.08642+00	2024-03-24 05:05:52.280765+00	juraev ilkhom	+821044417786	0	\N	54	uz
39	2024-03-14 10:00:10.285626+00	2024-03-14 10:01:56.175086+00	Sarvar islamov	+821068502499	0	\N	41	uz
53	2024-03-24 09:17:44.489962+00	2024-03-24 09:17:50.524574+00	Sanaev Akbarbek Tulkin ugli	+821057939202	0	\N	55	uz
54	2024-03-24 23:10:46.877965+00	2024-03-24 23:10:55.130569+00	yusupov jurabek akbar ugli	+821059619944	0	\N	56	uz
55	2024-03-26 03:00:26.410233+00	2024-03-26 03:00:33.042909+00	Fayzullo	+821065464419	0	\N	57	uz
45	2024-03-17 08:05:39.592019+00	2024-03-17 08:05:43.90701+00	rustam	+821021424342	0	\N	47	uz
46	2024-03-20 03:33:25.108445+00	2024-03-20 03:33:32.038589+00	dildora	+821096530989	0	\N	48	uz
47	2024-03-21 13:03:59.385539+00	2024-03-21 13:04:09.929869+00	Mohamed ikram	+821081120724	0	\N	49	uz
48	2024-03-22 02:22:17.37407+00	2024-03-22 02:22:42.481405+00	Abdul majeed rifas	+821074534454	0	\N	50	uz
49	2024-03-22 10:50:08.52665+00	2024-03-22 10:50:14.88331+00	nurali.raximov	+821026187666	0	\N	51	uz
50	2024-03-23 00:30:22.149872+00	2024-03-23 00:30:30.497931+00		+821095561412	0	\N	52	uz
56	2024-03-26 03:04:56.456729+00	2024-03-26 03:05:05.495798+00	Mamatov Mashrab Bahodirovich	+821083879708	0	\N	58	uz
57	2024-03-26 13:33:20.448165+00	2024-03-26 13:33:32.316321+00	Obloberdiev Farrukh	+821039171177	0	\N	59	uz
58	2024-03-26 16:09:41.874636+00	2024-03-26 16:09:41.874636+00	Test	9999999999	0	\N	2	uz
59	2024-03-28 09:10:10.228445+00	2024-03-28 09:10:17.147298+00	MUKIMJONOV ABDUKODIR	+821074193556	0	\N	60	uz
60	2024-03-28 10:17:11.864046+00	2024-03-28 13:09:16.900474+00	Zaynobiddin	+821068651048	0	4828	61	uz
61	2024-03-30 15:23:33.013827+00	2024-03-30 15:23:47.065977+00	Mr Mr	+821047406606	0	\N	62	uz
62	2024-03-31 11:35:44.089824+00	2024-03-31 11:35:50.731068+00	Nasirdinov Davlatdiyor Mukhammadjon Ug	+821097806770	0	\N	63	uz
63	2024-04-01 18:06:21.450872+00	2024-04-01 18:06:26.266347+00	Abdurakhmon	+821082474884	0	\N	64	uz
64	2024-04-02 07:44:20.249482+00	2024-04-02 07:44:26.372944+00	JOHN	+821059268581	0	\N	65	uz
65	2024-04-05 08:21:25.251307+00	2024-04-05 08:21:43.01587+00	dustmurodov dilshod	+821038027269	0	\N	66	uz
66	2024-04-06 06:00:42.92045+00	2024-04-06 06:00:52.66026+00	IKROMJON	+821072132991	0	\N	67	uz
67	2024-04-07 23:26:51.960345+00	2024-04-07 23:26:57.177178+00	vohidov Erali	+821022757707	0	\N	68	uz
68	2024-04-08 03:25:40.150891+00	2024-04-08 03:25:49.0776+00	Mirzokhid	+821046479207	0	\N	69	uz
69	2024-04-13 10:08:04.426169+00	2024-04-13 10:08:24.200496+00	YUNUSOV IKROMJON	+821051575005	0	\N	70	uz
70	2024-04-15 09:59:11.964542+00	2024-04-15 09:59:19.284781+00	Begnazarov Dilmurod	+821094346468	0	\N	71	uz
71	2024-04-15 11:41:04.177317+00	2024-04-15 11:41:12.405793+00	JURAEV BAKHODIR	+821021117540	0	\N	72	uz
72	2024-04-16 01:44:07.760058+00	2024-04-16 01:44:07.760058+00	G'OLIB	+821021347864	0	9879	73	uz
73	2024-04-16 21:27:20.239419+00	2024-04-16 21:27:20.239419+00	Mohamad AL-Nahhas	+821068688688	0	2026	74	uz
74	2024-04-16 22:34:02.268383+00	2024-04-16 22:34:19.540693+00	Gulya	+821057914984	0	\N	75	uz
75	2024-04-17 03:50:53.852152+00	2024-04-17 03:51:12.902096+00	roma	+821020297310	0	\N	76	uz
76	2024-04-17 16:53:28.508415+00	2024-04-17 16:53:40.859267+00	SANJARBEKMIRZO	+821042073302	0	\N	77	uz
77	2024-04-18 08:06:59.782395+00	2024-04-18 08:07:38.649086+00	carina waldron	+821073281144	0	1868	78	uz
78	2024-04-19 06:28:15.28314+00	2024-04-19 06:28:27.933378+00	sharipov masharifboy	+821082051122	0	\N	79	uz
79	2024-04-20 02:53:22.268701+00	2024-04-20 16:34:31.550113+00	bushra mojali	+821031579095	0	3151	80	uz
80	2024-05-02 09:09:09.933501+00	2024-05-02 09:09:16.129927+00	rohmatilla	+821032476777	0	\N	81	uz
81	2024-05-03 12:35:18.560058+00	2024-05-03 12:35:25.992849+00	Azizjon	+821072766558	0	\N	82	uz
82	2024-05-03 21:48:08.202403+00	2024-05-04 07:50:57.777067+00	 	+821021147277	0	\N	83	uz
83	2024-05-03 21:48:51.89489+00	2024-05-03 21:49:08.050556+00	Azizbek	+821064651995	0	\N	84	uz
84	2024-05-05 01:48:29.560726+00	2024-05-05 01:48:41.495496+00	Zarif	+821074102985	0	\N	85	uz
85	2024-05-05 02:39:06.05537+00	2024-05-05 02:39:21.928051+00	 	+821075614819	0	\N	86	uz
86	2024-05-05 03:27:09.729859+00	2024-05-05 03:27:14.160248+00	Tukhtamirzaev Nazirjon Nematjon ugli	+821027545777	0	\N	87	uz
87	2024-05-05 10:58:02.381841+00	2024-05-05 10:58:15.24737+00	usmon	+821080945411	0	\N	88	uz
88	2024-05-05 14:08:39.570596+00	2024-05-05 14:08:47.11174+00	Shoxruhbek	+821043700440	0	\N	89	uz
89	2024-05-05 22:38:02.129372+00	2024-05-05 22:38:28.728442+00		+821028910688	0	\N	90	uz
90	2024-05-06 04:58:15.959018+00	2024-05-06 04:58:31.446179+00	Hursanali	+821076489073	0	\N	91	uz
91	2024-05-06 07:35:29.404374+00	2024-05-06 07:35:38.860611+00	KURBANOV VOKHID	+821065318488	0	\N	92	uz
92	2024-05-06 08:19:17.570751+00	2024-05-06 08:19:47.591766+00	ashrapov Jamshid ZHURAEVICH	+821023688444	0	\N	93	uz
93	2024-05-06 11:09:28.668173+00	2024-05-06 11:09:41.438072+00	MATNAZAROV DONIYARBEK	+821058612983	0	\N	94	uz
94	2024-05-06 12:06:00.18357+00	2024-05-06 12:06:12.938829+00	AKHMEDOV ILKHOM KAMOL UGLI	+821049217778	0	\N	95	uz
95	2024-05-07 07:42:24.103621+00	2024-05-07 07:42:33.137195+00	nurali.raximov	+821058230989	0	\N	96	uz
96	2024-05-07 10:47:03.368427+00	2024-05-07 10:47:38.816948+00	Ahmedov Shuhrat	+821097944708	0	\N	97	uz
97	2024-05-07 10:50:46.961097+00	2024-05-07 10:50:56.417762+00	sher	+821044015769	0	\N	98	uz
98	2024-05-07 14:04:20.322321+00	2024-05-07 14:04:53.75355+00		+821088529795	0	\N	99	uz
99	2024-05-07 22:27:17.886974+00	2024-05-07 22:27:25.733603+00	OLIMOV OTABEK	+821084691982	0	\N	100	uz
100	2024-05-08 03:47:03.504613+00	2024-05-08 03:47:08.428143+00	Ismoilov Jamshidbek	+821058907977	0	\N	101	uz
101	2024-05-09 03:57:02.747182+00	2024-05-09 03:57:11.880917+00	Nurlayeva Gulnur	+821063169795	0	\N	102	uz
\.


--
-- Data for Name: customer_viewednews; Type: TABLE DATA; Schema: public; Owner: username
--

COPY public.customer_viewednews (id, created, modified, news_id, user_id) FROM stdin;
1	2024-03-26 16:35:58.052059+00	2024-03-26 16:35:58.052059+00	1	5
2	2024-03-26 16:36:13.841607+00	2024-03-26 16:36:13.841607+00	7	5
3	2024-03-26 16:36:26.872014+00	2024-03-26 16:36:26.872014+00	8	5
4	2024-03-26 16:36:39.477414+00	2024-03-26 16:36:39.477414+00	5	5
5	2024-03-26 16:36:52.006272+00	2024-03-26 16:36:52.006272+00	4	5
6	2024-03-26 16:39:37.743442+00	2024-03-26 16:39:37.743442+00	1	45
7	2024-03-26 16:39:49.157047+00	2024-03-26 16:39:49.157047+00	7	45
8	2024-03-26 16:39:57.314221+00	2024-03-26 16:39:57.314221+00	8	45
9	2024-03-26 16:40:07.429083+00	2024-03-26 16:40:07.429083+00	5	45
10	2024-03-26 16:40:17.548834+00	2024-03-26 16:40:17.548834+00	4	45
11	2024-04-15 10:00:08.068523+00	2024-04-15 10:00:08.068523+00	1	70
12	2024-04-15 10:00:50.730477+00	2024-04-15 10:00:50.730477+00	7	70
13	2024-04-15 10:03:46.040032+00	2024-04-15 10:03:46.040032+00	8	70
14	2024-04-19 06:32:56.548896+00	2024-04-19 06:32:56.548896+00	1	78
15	2024-04-19 08:05:44.489369+00	2024-04-19 08:05:44.489369+00	7	78
16	2024-05-03 12:36:20.40111+00	2024-05-03 12:36:20.40111+00	1	81
17	2024-05-07 07:51:52.284029+00	2024-05-07 07:51:52.284029+00	7	81
18	2024-05-07 07:52:09.144137+00	2024-05-07 07:52:09.144137+00	8	81
19	2024-05-07 07:52:23.915557+00	2024-05-07 07:52:23.915557+00	5	81
20	2024-05-07 14:08:58.71248+00	2024-05-07 14:08:58.71248+00	1	98
21	2024-05-08 04:17:32.935979+00	2024-05-08 04:17:32.935979+00	7	98
22	2024-05-08 06:29:50.392888+00	2024-05-08 06:29:50.392888+00	5	70
23	2024-05-08 12:02:31.056954+00	2024-05-08 12:02:31.056954+00	1	83
24	2024-05-09 03:59:06.937135+00	2024-05-09 03:59:06.937135+00	1	101
25	2024-05-09 04:00:02.562914+00	2024-05-09 04:00:02.562914+00	7	101
\.


--
-- Data for Name: django_admin_log; Type: TABLE DATA; Schema: public; Owner: username
--

COPY public.django_admin_log (id, action_time, object_id, object_repr, action_flag, change_message, content_type_id, user_id) FROM stdin;
1	2024-01-24 15:51:02.618347+00	2	admin	2	[{"changed": {"fields": ["First name", "Last name"]}}]	4	2
2	2024-01-24 15:51:09.39604+00	1	111	3		4	2
3	2024-01-24 15:52:43.339641+00	1	SocialMedias	1	[{"added": {}}]	28	2
4	2024-01-24 15:53:08.275197+00	1	Service	1	[{"added": {}}]	26	2
5	2024-01-24 15:53:47.378742+00	1	1	1	[{"added": {}}]	27	2
6	2024-01-24 15:53:51.644868+00	2	2	1	[{"added": {}}]	27	2
7	2024-01-24 15:53:55.632791+00	3	3	1	[{"added": {}}]	27	2
8	2024-01-24 15:53:58.345615+00	4	4	1	[{"added": {}}]	27	2
9	2024-01-24 15:54:01.410522+00	5	5	1	[{"added": {}}]	27	2
10	2024-01-24 15:54:43.300814+00	1	2024-01-24 15:54:43.293846+00:00	1	[{"added": {}}]	25	2
11	2024-01-29 11:13:23.373848+00	5	0	2	[{"changed": {"fields": ["Title"]}}]	27	2
12	2024-01-29 11:14:07.665654+00	5	1	2	[{"changed": {"fields": ["Title"]}}]	27	2
13	2024-01-29 11:14:21.633093+00	5	5	2	[{"changed": {"fields": ["Title"]}}]	27	2
14	2024-02-07 11:52:34.823959+00	1	+998979407404	3		19	2
15	2024-02-07 11:53:34.288698+00	2	+821081424342	3		19	2
16	2024-02-19 18:52:29.791141+00	60	+821057344342 - 	3		17	2
17	2024-02-19 18:52:29.800604+00	59	+821057344342 - 	3		17	2
18	2024-02-19 18:52:29.802815+00	57	+821084814474 - 	3		17	2
19	2024-02-19 18:52:29.804954+00	55	+821084814474 - 	3		17	2
20	2024-02-19 18:52:29.806663+00	54	+821084814474 - 	3		17	2
21	2024-02-19 18:52:29.808337+00	53	+821084814474 - Halal Mutton Minced minced mutton made from the neck.\r\n(Made in Australia)\r\n\r\nMutton has many benefits for human health. The chemical composition and vitamins of mutton are very useful	3		17	2
22	2024-02-19 18:52:29.809881+00	52	+821084814474 - 	3		17	2
23	2024-02-19 18:52:29.811292+00	51	+821084814474 - 	3		17	2
24	2024-02-19 18:52:29.812734+00	50	+821084814474 - 	3		17	2
25	2024-02-19 18:52:29.814182+00	49	+821084814474 - 	3		17	2
26	2024-02-19 18:52:29.81554+00	48	+821084814474 - 	3		17	2
27	2024-02-19 18:52:29.817221+00	47	+821084814474 - 	3		17	2
28	2024-02-19 18:52:29.818601+00	45	+821021424342 - 	3		17	2
29	2024-02-19 18:52:29.819961+00	43	+821021424342 - Fly time 11:15\r\nOne Baggage 43 kg \r\nOne Lagguage 8 kg	3		17	2
30	2024-02-19 18:52:29.821333+00	42	+821021424342 - Used phone Excellent condition\r\nThere is a 1 month warranty\r\nAdditional screen film, case, charger are added\r\nFree shipping is available within Korea	3		17	2
31	2024-02-19 18:52:29.82299+00	40	+821021424342 - Australian Lamb front leg can give your simple meal an unforgettable taste.\r\nSoft and tasty meat is loved by everyone. Apart from that, you can add Mutton to your diet list as it is a 	3		17	2
32	2024-02-19 18:52:29.824779+00	37	+821021424342 - 	3		17	2
33	2024-02-19 18:52:29.826316+00	36	+821021424342 - 	3		17	2
34	2024-02-19 18:52:29.8278+00	35	+821021424342 - Halal Mutton Minced minced mutton made from the neck.\r\n(Made in Australia)\r\n\r\nMutton has many benefits for human health. The chemical composition and vitamins of mutton are very useful	3		17	2
35	2024-02-19 18:52:29.829371+00	32	+821021424342 - 	3		17	2
36	2024-02-19 18:52:29.830996+00	31	+821021424342 - 	3		17	2
37	2024-02-19 18:52:29.833001+00	30	+821021424342 - 	3		17	2
38	2024-02-19 18:52:29.834564+00	29	+821021424342 - 	3		17	2
39	2024-02-19 18:52:29.836261+00	28	+821021424342 - 	3		17	2
40	2024-02-22 15:24:53.730224+00	3	Location object (3)	2	[{"changed": {"fields": ["Active"]}}]	21	2
41	2024-02-22 15:24:57.629866+00	2	Location object (2)	2	[{"changed": {"fields": ["Address", "Active"]}}]	21	2
42	2024-02-22 15:25:01.962226+00	1	Location object (1)	2	[{"changed": {"fields": ["Active"]}}]	21	2
43	2024-02-22 15:56:33.575271+00	3	Location object (3)	2	[]	21	2
44	2024-02-22 15:57:09.214584+00	1	Location object (1)	2	[]	21	2
45	2024-02-22 16:12:43.440144+00	1	Lamb front leg	2	[{"changed": {"fields": ["Name [uz]"]}}]	16	2
46	2024-02-22 16:13:07.340184+00	2	Lamb minced	2	[{"changed": {"fields": ["Name [uz]"]}}]	16	2
47	2024-02-27 06:52:29.604802+00	4	Location object (4)	2	[{"changed": {"fields": ["Active"]}}]	21	2
48	2024-02-27 06:52:35.312136+00	3	Location object (3)	2	[{"changed": {"fields": ["Active"]}}]	21	2
49	2024-02-27 06:52:39.85001+00	2	Location object (2)	2	[{"changed": {"fields": ["Active"]}}]	21	2
50	2024-02-27 06:52:44.372207+00	1	Location object (1)	2	[]	21	2
51	2024-03-26 16:09:41.891719+00	58	admin	1	[{"added": {}}]	19	2
52	2024-03-26 16:12:47.230665+00	7	+821057344342	2	[{"changed": {"fields": ["password"]}}]	4	2
53	2024-03-26 16:12:58.890898+00	7	+821057344342	2	[{"changed": {"fields": ["First name", "Staff status", "Superuser status"]}}]	4	2
\.


--
-- Data for Name: django_content_type; Type: TABLE DATA; Schema: public; Owner: username
--

COPY public.django_content_type (id, app_label, model) FROM stdin;
1	admin	logentry
2	auth	permission
3	auth	group
4	auth	user
5	contenttypes	contenttype
6	sessions	session
7	authtoken	token
8	authtoken	tokenproxy
9	product	category
10	product	productitem
11	product	ticket
12	product	subcategory
13	product	soldproduct
14	product	phone
15	product	image
16	product	good
17	customer	favorite
18	customer	news
19	customer	profile
20	customer	viewednews
21	customer	location
22	customer	banner
23	merchant	order
24	merchant	orderitem
25	merchant	information
26	merchant	service
27	merchant	bonus
28	merchant	socialmedia
\.


--
-- Data for Name: django_migrations; Type: TABLE DATA; Schema: public; Owner: username
--

COPY public.django_migrations (id, app, name, applied) FROM stdin;
1	contenttypes	0001_initial	2024-01-24 09:58:59.438302+00
2	auth	0001_initial	2024-01-24 09:58:59.557131+00
3	admin	0001_initial	2024-01-24 09:58:59.584027+00
4	admin	0002_logentry_remove_auto_add	2024-01-24 09:58:59.597567+00
5	admin	0003_logentry_add_action_flag_choices	2024-01-24 09:58:59.611738+00
6	contenttypes	0002_remove_content_type_name	2024-01-24 09:58:59.637521+00
7	auth	0002_alter_permission_name_max_length	2024-01-24 09:58:59.652855+00
8	auth	0003_alter_user_email_max_length	2024-01-24 09:58:59.665469+00
9	auth	0004_alter_user_username_opts	2024-01-24 09:58:59.676815+00
10	auth	0005_alter_user_last_login_null	2024-01-24 09:58:59.688887+00
11	auth	0006_require_contenttypes_0002	2024-01-24 09:58:59.692395+00
12	auth	0007_alter_validators_add_error_messages	2024-01-24 09:58:59.703778+00
13	auth	0008_alter_user_username_max_length	2024-01-24 09:58:59.720874+00
14	auth	0009_alter_user_last_name_max_length	2024-01-24 09:58:59.734954+00
15	auth	0010_alter_group_name_max_length	2024-01-24 09:58:59.749491+00
16	auth	0011_update_proxy_permissions	2024-01-24 09:58:59.766553+00
17	auth	0012_alter_user_first_name_max_length	2024-01-24 09:58:59.779952+00
18	authtoken	0001_initial	2024-01-24 09:58:59.801817+00
19	authtoken	0002_auto_20160226_1747	2024-01-24 09:58:59.838297+00
20	authtoken	0003_tokenproxy	2024-01-24 09:58:59.844957+00
21	customer	0001_initial	2024-01-24 09:58:59.923311+00
22	product	0001_initial	2024-01-24 09:59:00.09634+00
23	product	0002_alter_category_image_alter_image_image_and_more	2024-01-24 09:59:00.122748+00
24	product	0003_subcategory_active_alter_good_expire_date	2024-01-24 09:59:00.146587+00
25	product	0004_category_desc_en_category_desc_kr_category_desc_ru_and_more	2024-01-24 09:59:00.507564+00
26	product	0005_alter_soldproduct_amount	2024-01-24 09:59:00.528608+00
27	customer	0002_initial	2024-01-24 09:59:00.607523+00
28	customer	0003_news_title	2024-01-24 09:59:00.617072+00
29	customer	0004_banner	2024-01-24 09:59:00.626751+00
30	customer	0005_alter_profile_phone_number	2024-01-24 09:59:00.648729+00
31	customer	0006_news_description_en_news_description_kr_and_more	2024-01-24 09:59:00.688801+00
32	customer	0007_alter_favorite_unique_together	2024-01-24 09:59:00.773746+00
33	customer	0008_location_active	2024-01-24 09:59:00.789721+00
34	customer	0009_alter_news_description_alter_news_description_en_and_more	2024-01-24 09:59:00.811579+00
35	customer	0010_alter_news_end_date_alter_news_start_date	2024-01-24 09:59:00.822942+00
36	product	0006_productitem_is_favorite	2024-01-24 09:59:00.837427+00
37	product	0007_alter_productitem_price_alter_soldproduct_amount	2024-01-24 09:59:00.87811+00
38	merchant	0001_initial	2024-01-24 09:59:00.98373+00
39	merchant	0002_information	2024-01-24 09:59:00.999316+00
40	merchant	0003_order_comment	2024-01-24 09:59:01.025298+00
41	merchant	0004_information_support_center_and_more	2024-01-24 09:59:01.04867+00
42	merchant	0005_order_status_order_total_amount	2024-01-24 09:59:01.091954+00
43	merchant	0006_service	2024-01-24 09:59:01.100339+00
44	merchant	0007_information_payment_data	2024-01-24 09:59:01.108345+00
45	merchant	0008_information_payment_data_en_and_more	2024-01-24 09:59:01.129972+00
46	merchant	0009_secialmedia_alter_information_about_us_and_more	2024-01-24 09:59:01.285026+00
47	merchant	0010_alter_order_status	2024-01-24 09:59:01.308064+00
48	merchant	0011_alter_service_delivery_fee	2024-01-24 09:59:01.317665+00
49	merchant	0012_alter_order_total_amount	2024-01-24 09:59:01.346747+00
50	merchant	0013_alter_orderitem_product	2024-01-24 09:59:01.391014+00
51	merchant	0014_bonus	2024-01-24 09:59:01.401247+00
52	merchant	0015_rename_secialmedia_socialmedia	2024-01-24 09:59:01.457478+00
53	merchant	0016_alter_socialmedia_imo_alter_socialmedia_instagram_and_more	2024-01-24 09:59:01.481024+00
54	product	0008_remove_category_bonus_remove_category_stock_and_more	2024-01-24 09:59:01.576549+00
55	product	0009_productitem_desc_en_productitem_desc_kr_and_more	2024-01-24 09:59:01.636834+00
56	product	0010_alter_subcategory_desc_alter_subcategory_desc_en_and_more	2024-01-24 09:59:01.686412+00
57	product	0011_alter_category_desc_alter_category_desc_en_and_more	2024-01-24 09:59:01.803628+00
58	product	0012_alter_productitem_new_price_and_more	2024-01-24 09:59:01.953067+00
59	product	0013_alter_ticket_event_date	2024-01-24 09:59:01.979936+00
60	sessions	0001_initial	2024-01-24 09:59:01.993959+00
61	merchant	0017_socialmedia_tiktok	2024-01-29 10:11:55.796524+00
62	product	0014_productitem_weight	2024-01-29 10:11:55.825214+00
63	product	0015_alter_category_main_type_alter_phone_color_and_more	2024-01-29 12:40:33.603604+00
64	customer	0011_profile_lang	2024-02-09 18:41:08.263958+00
65	product	0016_alter_phone_ram_alter_phone_storage	2024-02-15 15:31:12.119918+00
66	product	0017_alter_phone_ram	2024-02-15 15:31:12.146766+00
67	product	0018_remove_productitem_is_favorite	2024-02-19 19:09:55.762553+00
68	merchant	0018_order_location	2024-02-22 16:37:05.984031+00
69	product	0019_alter_phone_ram_alter_phone_storage	2024-03-07 16:36:09.225757+00
70	product	0020_alter_phone_color_alter_phone_ram_and_more	2024-03-07 17:12:02.070253+00
\.


--
-- Data for Name: django_session; Type: TABLE DATA; Schema: public; Owner: username
--

COPY public.django_session (session_key, session_data, expire_date) FROM stdin;
ie5pjrqdbld8vbbt7xrlon78uv837gtt	.eJxVjMEOwiAQRP-FsyFboFv06N1vIAssUjWQlPZk_Hdp0oOeJpn3Zt7C0bZmtzVe3BzFRQzi9Nt5Ck8uO4gPKvcqQy3rMnu5K_KgTd5q5Nf1cP8OMrXc18GAQYMUCRA0oKKge-A5gbE0JeIwJW0HHpNWFix4AE5AaEfVU4nPF8PLNyU:1rSdF9:rAgRzQuiEBnXCDTEdNpQMRBHWNQnr5wGCjhoDE4UHyw	2024-02-07 13:24:39.301118+00
k1pphtrujp5rxpu7sw0cbxjeslmbfe9t	.eJxVjMsOwiAURP-FtSGt5dFx6d5vIBe4SNVAUtqV8d9tky50N5lzZt7C0bpktzae3RTFRZzF6bfzFJ5cdhAfVO5VhlqWefJyV-RBm7zVyK_r4f4dZGp5W5uObYwI1jP0MPAWyRvdB6SExOR7KEAphdEklTB6kEIH1hRBNonPFwSTOKU:1rTKrA:X-gWiWo9tPK97uzqXDlcZLMWz1k26ENwqFhpgEo-LIg	2024-02-09 11:58:48.847087+00
0i0djog70crmrnizou71icnqq9vlgfqx	.eJxVjMsOwiAURP-FtSGt5dFx6d5vIBe4SNVAUtqV8d9tky50N5lzZt7C0bpktzae3RTFRZzF6bfzFJ5cdhAfVO5VhlqWefJyV-RBm7zVyK_r4f4dZGp5W5uObYwI1jP0MPAWyRvdB6SExOR7KEAphdEklTB6kEIH1hRBNonPFwSTOKU:1rTL8H:49YSYMZepLGfKXGYqIGBhQAjUPI8bb3erkbfL-FHMjI	2024-02-09 12:16:29.131266+00
d9pxyulnu3nlnr90ay5bzptiq8j1yjsj	.eJxVjMsOwiAURP-FtSGt5dFx6d5vIBe4SNVAUtqV8d9tky50N5lzZt7C0bpktzae3RTFRZzF6bfzFJ5cdhAfVO5VhlqWefJyV-RBm7zVyK_r4f4dZGp5W5uObYwI1jP0MPAWyRvdB6SExOR7KEAphdEklTB6kEIH1hRBNonPFwSTOKU:1rTftM:wzdmY63Jq5mGt4-GWszZsWayQONz-YfT6954-TSYK-w	2024-02-10 10:26:28.085885+00
3tyt2wkkpe38e77vpe2r1tirn7ox7q0g	.eJxVjMsOwiAURP-FtSGt5dFx6d5vIBe4SNVAUtqV8d9tky50N5lzZt7C0bpktzae3RTFRZzF6bfzFJ5cdhAfVO5VhlqWefJyV-RBm7zVyK_r4f4dZGp5W5uObYwI1jP0MPAWyRvdB6SExOR7KEAphdEklTB6kEIH1hRBNonPFwSTOKU:1rUOex:ThcEMdfKgHPFQs791cRh9T4Iq8k-Dz5HcWTkRQRiIHI	2024-02-12 10:14:35.79764+00
2aojy9cixpbcwbb1efm6ver0l713qsjx	e30:1rUR3p:vgIcpwoMMXDpcvikMXbmXl_bjXGeXxbryMw9SOK4KNU	2024-02-12 12:48:25.456274+00
mdqbaofxwjigo9qo70x0n1cd32tkvzw4	e30:1rUR5s:TfouhQUAmeM_Ac7HMeGeOgi_QxsePQ8x4weDcVkvzO4	2024-02-12 12:50:32.918719+00
wqc2l0v6g4c2fckrmb12qz4vfjq8v9bq	.eJxVjMsOwiAURP-FtSGt5dFx6d5vIBe4SNVAUtqV8d9tky50N5lzZt7C0bpktzae3RTFRZzF6bfzFJ5cdhAfVO5VhlqWefJyV-RBm7zVyK_r4f4dZGp5W5uObYwI1jP0MPAWyRvdB6SExOR7KEAphdEklTB6kEIH1hRBNonPFwSTOKU:1rUR7E:028Lh_S1t8PuZxvWs2zhVytk78M19u2F0qgEUYIDPQY	2024-02-12 12:51:56.440459+00
ched92z4rewygne8ga5timyj3rjln7p8	e30:1rUR91:ZCdt978xhriUN6HFE7YdAl8FlSHxT4CYTpdqnQ9-5r8	2024-02-12 12:53:47.678113+00
ms6m4vc6q2x6h6zx0ilzamsryd4zcuu7	.eJxVjMsOwiAURP-FtSGt5dFx6d5vIBe4SNVAUtqV8d9tky50N5lzZt7C0bpktzae3RTFRZzF6bfzFJ5cdhAfVO5VhlqWefJyV-RBm7zVyK_r4f4dZGp5W5uObYwI1jP0MPAWyRvdB6SExOR7KEAphdEklTB6kEIH1hRBNonPFwSTOKU:1rUVMr:P5AOq18L9txz-5fXasrWYXIfan4WArFYhnLx6E21OZg	2024-02-12 17:24:21.749958+00
reilm8h39n640fb34bfpub2pco978mfo	.eJxVjMsOwiAURP-FtSGt5dFx6d5vIBe4SNVAUtqV8d9tky50N5lzZt7C0bpktzae3RTFRZzF6bfzFJ5cdhAfVO5VhlqWefJyV-RBm7zVyK_r4f4dZGp5W5uObYwI1jP0MPAWyRvdB6SExOR7KEAphdEklTB6kEIH1hRBNonPFwSTOKU:1rUVaO:RZ079_2oB36EcnmGqG7_TaCWSoaMz_zX-0FJ4xChZB8	2024-02-12 17:38:20.197526+00
asz7l98oejc830u569o9nafrvvanpeju	.eJxVjMsOwiAURP-FtSGt5dFx6d5vIBe4SNVAUtqV8d9tky50N5lzZt7C0bpktzae3RTFRZzF6bfzFJ5cdhAfVO5VhlqWefJyV-RBm7zVyK_r4f4dZGp5W5uObYwI1jP0MPAWyRvdB6SExOR7KEAphdEklTB6kEIH1hRBNonPFwSTOKU:1rVBfU:4BLzEeMggf5aQsB1opjVIHrIYMYb1aQ1yRv2hqRJSQ0	2024-02-14 14:34:24.043813+00
uxgxn2hvbq2177zroyav26j4xt9d2wud	.eJxVjMsOwiAURP-FtSGt5dFx6d5vIBe4SNVAUtqV8d9tky50N5lzZt7C0bpktzae3RTFRZzF6bfzFJ5cdhAfVO5VhlqWefJyV-RBm7zVyK_r4f4dZGp5W5uObYwI1jP0MPAWyRvdB6SExOR7KEAphdEklTB6kEIH1hRBNonPFwSTOKU:1rVBfU:4BLzEeMggf5aQsB1opjVIHrIYMYb1aQ1yRv2hqRJSQ0	2024-02-14 14:34:24.681408+00
7a3p03ib8touh2adi5s83ngil5naz0rt	.eJxVjMsOwiAURP-FtSGt5dFx6d5vIBe4SNVAUtqV8d9tky50N5lzZt7C0bpktzae3RTFRZzF6bfzFJ5cdhAfVO5VhlqWefJyV-RBm7zVyK_r4f4dZGp5W5uObYwI1jP0MPAWyRvdB6SExOR7KEAphdEklTB6kEIH1hRBNonPFwSTOKU:1rVmVX:SNZvGEJRmH499Mr93HENGO26bPLphZNwlNCDd5_ukQk	2024-02-16 05:54:35.726152+00
6fbm5f8f02yo8jabv4553a9ud6h145da	.eJxVjMsOwiAURP-FtSGt5dFx6d5vIBe4SNVAUtqV8d9tky50N5lzZt7C0bpktzae3RTFRZzF6bfzFJ5cdhAfVO5VhlqWefJyV-RBm7zVyK_r4f4dZGp5W5uObYwI1jP0MPAWyRvdB6SExOR7KEAphdEklTB6kEIH1hRBNonPFwSTOKU:1rYUql:jOV_6JRXnSJOAB8tQQ2Wif5X0r-uMrSq8vhFvONCOqQ	2024-02-23 17:39:43.344367+00
s4a8hucsg0lkh1r3b7bblz40fha0ftlc	.eJxVjMsOwiAURP-FtSGt5dFx6d5vIBe4SNVAUtqV8d9tky50N5lzZt7C0bpktzae3RTFRZzF6bfzFJ5cdhAfVO5VhlqWefJyV-RBm7zVyK_r4f4dZGp5W5uObYwI1jP0MPAWyRvdB6SExOR7KEAphdEklTB6kEIH1hRBNonPFwSTOKU:1rc602:NQN3LTueuEZyg5e-rLvfLIasDUgms0gKBg2UYVw32L8	2024-03-04 15:56:10.067442+00
ois78elmtp96ozaj66ff03wi6rurjecc	.eJxVjMsOwiAURP-FtSGt5dFx6d5vIBe4SNVAUtqV8d9tky50N5lzZt7C0bpktzae3RTFRZzF6bfzFJ5cdhAfVO5VhlqWefJyV-RBm7zVyK_r4f4dZGp5W5uObYwI1jP0MPAWyRvdB6SExOR7KEAphdEklTB6kEIH1hRBNonPFwSTOKU:1rc8Hc:alR8FqAfFH0zqPPTTiO-IiIAM9JkksKnMXb9XC4sy2k	2024-03-04 18:22:28.500612+00
i1l9dbgtmo7nq3n581kwkhuq07fm1zlw	.eJxVjMsOwiAURP-FtSGt5dFx6d5vIBe4SNVAUtqV8d9tky50N5lzZt7C0bpktzae3RTFRZzF6bfzFJ5cdhAfVO5VhlqWefJyV-RBm7zVyK_r4f4dZGp5W5uObYwI1jP0MPAWyRvdB6SExOR7KEAphdEklTB6kEIH1hRBNonPFwSTOKU:1rdSMN:RMOfzb1MS4MLuBemy9uHFQQIFYQUhSpbWCK8dYbNbJM	2024-03-08 10:00:51.364329+00
gdd0aipw1qrq7ttnzc4kf3ka8ec24e6e	.eJxVjMsOwiAURP-FtSGt5dFx6d5vIBe4SNVAUtqV8d9tky50N5lzZt7C0bpktzae3RTFRZzF6bfzFJ5cdhAfVO5VhlqWefJyV-RBm7zVyK_r4f4dZGp5W5uObYwI1jP0MPAWyRvdB6SExOR7KEAphdEklTB6kEIH1hRBNonPFwSTOKU:1reqEv:jsdJORv5FK-cOq31Ba2voW6gvUlgPHrcmchh3VZX5Ho	2024-03-12 05:42:53.220389+00
c4p7jnah107wjdtotv9knefhst2vmntv	.eJxVjMsOwiAURP-FtSGt5dFx6d5vIBe4SNVAUtqV8d9tky50N5lzZt7C0bpktzae3RTFRZzF6bfzFJ5cdhAfVO5VhlqWefJyV-RBm7zVyK_r4f4dZGp5W5uObYwI1jP0MPAWyRvdB6SExOR7KEAphdEklTB6kEIH1hRBNonPFwSTOKU:1rfOde:3ST8zbU7OSXg1OidQgh1d6HKeAxgRDa5c98PecAagNU	2024-03-13 18:26:42.088636+00
nw0qlqeva5n0qvhwmmiil3c8hqp29j33	.eJxVjMsOwiAURP-FtSGt5dFx6d5vIBe4SNVAUtqV8d9tky50N5lzZt7C0bpktzae3RTFRZzF6bfzFJ5cdhAfVO5VhlqWefJyV-RBm7zVyK_r4f4dZGp5W5uObYwI1jP0MPAWyRvdB6SExOR7KEAphdEklTB6kEIH1hRBNonPFwSTOKU:1rfcHm:aaAWcrWnUeYWo8coxzHnLiPVlgI9RNAMO12BKrMy9vg	2024-03-14 09:01:02.25467+00
ultk6931wgrq8rh4ed3ff6djgjc7uu8u	.eJxVjMsOwiAURP-FtSGt5dFx6d5vIBe4SNVAUtqV8d9tky50N5lzZt7C0bpktzae3RTFRZzF6bfzFJ5cdhAfVO5VhlqWefJyV-RBm7zVyK_r4f4dZGp5W5uObYwI1jP0MPAWyRvdB6SExOR7KEAphdEklTB6kEIH1hRBNonPFwSTOKU:1rgHeV:qYm_DFlTHioiX9ieovBOl-_GcQ-LLCuG_Zpf-DcICwM	2024-03-16 05:11:15.050865+00
tfu8lbd9lt4ax5n4pn2jwx0spdbid80a	.eJxVjMsOwiAURP-FtSGt5dFx6d5vIBe4SNVAUtqV8d9tky50N5lzZt7C0bpktzae3RTFRZzF6bfzFJ5cdhAfVO5VhlqWefJyV-RBm7zVyK_r4f4dZGp5W5uObYwI1jP0MPAWyRvdB6SExOR7KEAphdEklTB6kEIH1hRBNonPFwSTOKU:1rgHeZ:J7N2dbdMbLsHsOVkb8Kl15iDNhWuWuTsGB1Pvyoqmic	2024-03-16 05:11:19.570143+00
1km3za5l8guavq1eukrz82rug83ybqn7	.eJxVjMsOwiAURP-FtSGt5dFx6d5vIBe4SNVAUtqV8d9tky50N5lzZt7C0bpktzae3RTFRZzF6bfzFJ5cdhAfVO5VhlqWefJyV-RBm7zVyK_r4f4dZGp5W5uObYwI1jP0MPAWyRvdB6SExOR7KEAphdEklTB6kEIH1hRBNonPFwSTOKU:1rgHed:An2wVlALcAEZ4UgaZ3srlZGvDiEWnMvAIM_2cRMToSI	2024-03-16 05:11:23.964801+00
3oeghdxzg9mcmjgliexbpvuhwkvm521f	.eJxVjMsOwiAURP-FtSGt5dFx6d5vIBe4SNVAUtqV8d9tky50N5lzZt7C0bpktzae3RTFRZzF6bfzFJ5cdhAfVO5VhlqWefJyV-RBm7zVyK_r4f4dZGp5W5uObYwI1jP0MPAWyRvdB6SExOR7KEAphdEklTB6kEIH1hRBNonPFwSTOKU:1rgI2j:A1AnkF71UCLTMlaeVnKwvQRRpeUN3GXK95V1o5jizh0	2024-03-16 05:36:17.309305+00
h7qnznasu8co9dfc0x36c153udmujxt9	.eJxVjMsOwiAURP-FtSGt5dFx6d5vIBe4SNVAUtqV8d9tky50N5lzZt7C0bpktzae3RTFRZzF6bfzFJ5cdhAfVO5VhlqWefJyV-RBm7zVyK_r4f4dZGp5W5uObYwI1jP0MPAWyRvdB6SExOR7KEAphdEklTB6kEIH1hRBNonPFwSTOKU:1rgI2o:RkeDYJi139z23Z1CfLtY2muQIFSp59NCfVK44o3fruY	2024-03-16 05:36:22.734444+00
js3yr5ga2idodcyg3ccptcjzl5uiuden	.eJxVjMsOwiAURP-FtSGt5dFx6d5vIBe4SNVAUtqV8d9tky50N5lzZt7C0bpktzae3RTFRZzF6bfzFJ5cdhAfVO5VhlqWefJyV-RBm7zVyK_r4f4dZGp5W5uObYwI1jP0MPAWyRvdB6SExOR7KEAphdEklTB6kEIH1hRBNonPFwSTOKU:1rgI2s:pa0i2zksBEzXaqM7ovOyS2DerJzTyBYpNsLqr9l7Dqk	2024-03-16 05:36:26.949997+00
84dcju7694yzj9ge2zf181hpdj3m9ntn	.eJxVjMsOwiAURP-FtSGt5dFx6d5vIBe4SNVAUtqV8d9tky50N5lzZt7C0bpktzae3RTFRZzF6bfzFJ5cdhAfVO5VhlqWefJyV-RBm7zVyK_r4f4dZGp5W5uObYwI1jP0MPAWyRvdB6SExOR7KEAphdEklTB6kEIH1hRBNonPFwSTOKU:1riThU:v1GsHxAxfDq2KdXEfWhvMmtymR6Jpe745mLuC8CGrRk	2024-03-22 06:27:24.257071+00
3pxmkqm9v0dscq1b6k9bcg04n10fn6hv	.eJxVjMsOwiAURP-FtSGt5dFx6d5vIBe4SNVAUtqV8d9tky50N5lzZt7C0bpktzae3RTFRZzF6bfzFJ5cdhAfVO5VhlqWefJyV-RBm7zVyK_r4f4dZGp5W5uObYwI1jP0MPAWyRvdB6SExOR7KEAphdEklTB6kEIH1hRBNonPFwSTOKU:1rkge6:3QlpSkwDV3Ig9ioKF6OShsuj9VZCuBgb2lJi2PzTIeQ	2024-03-28 08:41:02.98666+00
ctvl0qfn8lc32jnrj2e0tcx1qjne5kp8	.eJxVjMsOwiAURP-FtSGt5dFx6d5vIBe4SNVAUtqV8d9tky50N5lzZt7C0bpktzae3RTFRZzF6bfzFJ5cdhAfVO5VhlqWefJyV-RBm7zVyK_r4f4dZGp5W5uObYwI1jP0MPAWyRvdB6SExOR7KEAphdEklTB6kEIH1hRBNonPFwSTOKU:1rlDT3:SMKBxJYldaHOLFjpGSGM96RJoVzy3w5d1G2Enmv_oI0	2024-03-29 19:43:49.551899+00
p92a75ez7oimv6pcgghqasth394u9qiz	.eJxVjMsOwiAURP-FtSGt5dFx6d5vIBe4SNVAUtqV8d9tky50N5lzZt7C0bpktzae3RTFRZzF6bfzFJ5cdhAfVO5VhlqWefJyV-RBm7zVyK_r4f4dZGp5W5uObYwI1jP0MPAWyRvdB6SExOR7KEAphdEklTB6kEIH1hRBNonPFwSTOKU:1rlOgY:vTgNk3JLeDgbLYMYHgpMmJuiTWeGAKfmksbHXN3EgLs	2024-03-30 07:42:30.806234+00
mm7mvohc4jrg0smchq4bbibhuzh8mq8y	.eJxVjEEOgjAQRe_StWlaOgzUpXvO0Ew7g6CmTSisjHcXEha6fe_9_1aBtnUKW5UlzKyuqlOXXxYpPSUfgh-U70WnktdljvpI9GmrHgrL63a2fwcT1WlfI4yj6X2K4ExEbIXZsW_BNTjGhsUCk_PeWADfJk5ou4ZQwPbkdiLq8wXhBDeB:1rp9QN:RZjrpOdHBvNqxQVBXdFQCyNNzzB46MFnks6p5pCu1PM	2024-04-09 16:13:19.245102+00
hsebbaj4rtexnrvk3r9x120c939m4qrh	.eJxVjMsOwiAURP-FtSGt5dFx6d5vIBe4SNVAUtqV8d9tky50N5lzZt7C0bpktzae3RTFRZzF6bfzFJ5cdhAfVO5VhlqWefJyV-RBm7zVyK_r4f4dZGp5W5uObYwI1jP0MPAWyRvdB6SExOR7KEAphdEklTB6kEIH1hRBNonPFwSTOKU:1rlOgc:T7r4OIBw_h40B9c4urIbC4pfgG8pggfA7EkFNi2RvBY	2024-03-30 07:42:34.209476+00
j6v977m9b85tr65jfocpbluniczzs3x1	.eJxVjEEOgjAQRe_StWlaOgzUpXvO0Ew7g6CmTSisjHcXEha6fe_9_1aBtnUKW5UlzKyuqlOXXxYpPSUfgh-U70WnktdljvpI9GmrHgrL63a2fwcT1WlfI4yj6X2K4ExEbIXZsW_BNTjGhsUCk_PeWADfJk5ou4ZQwPbkdiLq8wXhBDeB:1rp9Zj:X8cIE-K47kTCo-9jrscz4gVJM_Ix4qZZudm1m9QHjcM	2024-04-09 16:22:59.57835+00
n47wd0415uu735s36rdbzuxr5lb370qb	.eJxVjMsOwiAURP-FtSGt5dFx6d5vIBe4SNVAUtqV8d9tky50N5lzZt7C0bpktzae3RTFRZzF6bfzFJ5cdhAfVO5VhlqWefJyV-RBm7zVyK_r4f4dZGp5W5uObYwI1jP0MPAWyRvdB6SExOR7KEAphdEklTB6kEIH1hRBNonPFwSTOKU:1rlOgf:3qCCprQ4drUO1ANsz5qrsNtCMMzXSCGSuqn4yodgo5k	2024-03-30 07:42:37.935008+00
2xx0ep0vhz4ge0pifkk8yfeofkehz7mu	.eJxVjMsOwiAURP-FtSGt5dFx6d5vIBe4SNVAUtqV8d9tky50N5lzZt7C0bpktzae3RTFRZzF6bfzFJ5cdhAfVO5VhlqWefJyV-RBm7zVyK_r4f4dZGp5W5uObYwI1jP0MPAWyRvdB6SExOR7KEAphdEklTB6kEIH1hRBNonPFwSTOKU:1rniko:2-_gLLmpBFpdFoCZzFSlQqiWnBQb2oesBvGg5Mla9iI	2024-04-05 17:32:30.083863+00
al7hxgyty7ek0wazupzf97cvjvacphb3	.eJxVjMsOwiAURP-FtSGt5dFx6d5vIBe4SNVAUtqV8d9tky50N5lzZt7C0bpktzae3RTFRZzF6bfzFJ5cdhAfVO5VhlqWefJyV-RBm7zVyK_r4f4dZGp5W5uObYwI1jP0MPAWyRvdB6SExOR7KEAphdEklTB6kEIH1hRBNonPFwSTOKU:1rpHCB:nkmeHb7eZU2dz5aTKBaw43Z9o4DS3Gzamw7H5Qytn7w	2024-04-10 00:31:11.733831+00
0a0q8td4x8z5sdso7pfpdqopf6mno4hx	.eJxVjMsOwiAURP-FtSGt5dFx6d5vIBe4SNVAUtqV8d9tky50N5lzZt7C0bpktzae3RTFRZzF6bfzFJ5cdhAfVO5VhlqWefJyV-RBm7zVyK_r4f4dZGp5W5uObYwI1jP0MPAWyRvdB6SExOR7KEAphdEklTB6kEIH1hRBNonPFwSTOKU:1ro1qh:WQZAvWfvoFoSy2jwZlprY-cYGEqPDDXca3xfevC5e_U	2024-04-06 13:55:51.095646+00
ms29s2hmsft3zv02jj50rnu0bhf9f23t	.eJxVjMsOwiAURP-FtSGt5dFx6d5vIBe4SNVAUtqV8d9tky50N5lzZt7C0bpktzae3RTFRZzF6bfzFJ5cdhAfVO5VhlqWefJyV-RBm7zVyK_r4f4dZGp5W5uObYwI1jP0MPAWyRvdB6SExOR7KEAphdEklTB6kEIH1hRBNonPFwSTOKU:1rqAa7:QXIEbqC6t7oT8Ca2Ia0EvY-PpOWc-J4m_joe9AATOiA	2024-04-12 11:39:35.341777+00
jk5w4ieh000q1r50jr6ck8om0s2j8p33	.eJxVjMsOwiAURP-FtSGt5dFx6d5vIBe4SNVAUtqV8d9tky50N5lzZt7C0bpktzae3RTFRZzF6bfzFJ5cdhAfVO5VhlqWefJyV-RBm7zVyK_r4f4dZGp5W5uObYwI1jP0MPAWyRvdB6SExOR7KEAphdEklTB6kEIH1hRBNonPFwSTOKU:1rrgHt:Z4O3Je31pwxOKh976tjiJLiiixRa__w6hKGx94IeYqw	2024-04-16 15:43:01.03958+00
hjyj0wngp2qu0w1l2lzllqrzuqjgirai	.eJxVjMsOwiAURP-FtSGt5dFx6d5vIBe4SNVAUtqV8d9tky50N5lzZt7C0bpktzae3RTFRZzF6bfzFJ5cdhAfVO5VhlqWefJyV-RBm7zVyK_r4f4dZGp5W5uObYwI1jP0MPAWyRvdB6SExOR7KEAphdEklTB6kEIH1hRBNonPFwSTOKU:1rrgHx:P7BcXwKJvQac11XnIdeI67drlvsGVt4Nyd6NrMOGFMc	2024-04-16 15:43:05.647798+00
ta1qfouz6nec84gm9fmgtigdl0gcdh3g	.eJxVjMsOwiAURP-FtSGt5dFx6d5vIBe4SNVAUtqV8d9tky50N5lzZt7C0bpktzae3RTFRZzF6bfzFJ5cdhAfVO5VhlqWefJyV-RBm7zVyK_r4f4dZGp5W5uObYwI1jP0MPAWyRvdB6SExOR7KEAphdEklTB6kEIH1hRBNonPFwSTOKU:1rrgSM:dka16guud4k2kzmDOWN-tjw2BwJEySWQEezzGgXtzVo	2024-04-16 15:53:50.396885+00
9j5s1wumrzje8xm4177ytpcgw7q4qk4p	.eJxVjMsOwiAURP-FtSGt5dFx6d5vIBe4SNVAUtqV8d9tky50N5lzZt7C0bpktzae3RTFRZzF6bfzFJ5cdhAfVO5VhlqWefJyV-RBm7zVyK_r4f4dZGp5W5uObYwI1jP0MPAWyRvdB6SExOR7KEAphdEklTB6kEIH1hRBNonPFwSTOKU:1rvLa7:-j5djsEfuMV07v5YeMndmOj9OknBGKVbgtogUKwxH8o	2024-04-26 18:24:59.679237+00
4jqkiwvpfi0hcjl5pc7lp4n7y1pgjg2d	.eJxVjMsOwiAURP-FtSGt5dFx6d5vIBe4SNVAUtqV8d9tky50N5lzZt7C0bpktzae3RTFRZzF6bfzFJ5cdhAfVO5VhlqWefJyV-RBm7zVyK_r4f4dZGp5W5uObYwI1jP0MPAWyRvdB6SExOR7KEAphdEklTB6kEIH1hRBNonPFwSTOKU:1rzv6L:roJaxvmMHja2ZrhEc5LwpYzVpY32xJaDjpzMu1MA9DU	2024-05-09 09:09:09.686839+00
54ei1md6w8bdsgqszhqzcovx1ccxd76t	.eJxVjMsOwiAURP-FtSGt5dFx6d5vIBe4SNVAUtqV8d9tky50N5lzZt7C0bpktzae3RTFRZzF6bfzFJ5cdhAfVO5VhlqWefJyV-RBm7zVyK_r4f4dZGp5W5uObYwI1jP0MPAWyRvdB6SExOR7KEAphdEklTB6kEIH1hRBNonPFwSTOKU:1rzvOL:0LQFNl2ovUgU_lYo9Jkw57bxJxros7_fPLfGk8a6W50	2024-05-09 09:27:45.843375+00
jes06kptzwy6kt8ovmwl0krj0db12e7q	.eJxVjMsOwiAURP-FtSGt5dFx6d5vIBe4SNVAUtqV8d9tky50N5lzZt7C0bpktzae3RTFRZzF6bfzFJ5cdhAfVO5VhlqWefJyV-RBm7zVyK_r4f4dZGp5W5uObYwI1jP0MPAWyRvdB6SExOR7KEAphdEklTB6kEIH1hRBNonPFwSTOKU:1s1s04:fErbGQdu0VoeYtnH91xAAAbFaBB5gAWva-NbaJE39uI	2024-05-14 18:14:44.108709+00
yi7mk4e0gk9wzurklfw9ilmh2erk0bef	.eJxVjMsOwiAURP-FtSGt5dFx6d5vIBe4SNVAUtqV8d9tky50N5lzZt7C0bpktzae3RTFRZzF6bfzFJ5cdhAfVO5VhlqWefJyV-RBm7zVyK_r4f4dZGp5W5uObYwI1jP0MPAWyRvdB6SExOR7KEAphdEklTB6kEIH1hRBNonPFwSTOKU:1s2rtp:Njc0ASCBGSv2nP_hZyV4KUNKN29yqaaUwOrxMw_IguE	2024-05-17 12:20:25.779653+00
\.


--
-- Data for Name: merchant_bonus; Type: TABLE DATA; Schema: public; Owner: username
--

COPY public.merchant_bonus (id, created, modified, title, amount, percentage, active) FROM stdin;
4	2024-01-24 15:53:58.343379+00	2024-01-24 15:53:58.343379+00	4	0	0	f
5	2024-01-24 15:54:01.408358+00	2024-01-29 11:14:21.631493+00	5	0	0	f
1	2024-01-24 15:53:47.374231+00	2024-01-31 15:15:52.917999+00	1	100000	5	t
2	2024-01-24 15:53:51.642684+00	2024-01-31 15:16:18.050626+00	2	150000	7	t
3	2024-01-24 15:53:55.630209+00	2024-01-31 15:16:44.104377+00	3	200000	10	t
\.


--
-- Data for Name: merchant_information; Type: TABLE DATA; Schema: public; Owner: username
--

COPY public.merchant_information (id, created, modified, reminder, reminder_uz, reminder_en, reminder_ru, reminder_kr, agreement, agreement_uz, agreement_en, agreement_ru, agreement_kr, shipment_terms, shipment_terms_uz, shipment_terms_en, shipment_terms_ru, shipment_terms_kr, privacy_policy, privacy_policy_uz, privacy_policy_en, privacy_policy_ru, privacy_policy_kr, about_us, about_us_uz, about_us_en, about_us_ru, about_us_kr, support_center, support_center_en, support_center_kr, support_center_ru, support_center_uz, payment_data, payment_data_en, payment_data_kr, payment_data_ru, payment_data_uz) FROM stdin;
1	2024-01-24 15:54:43.293846+00	2024-03-14 08:44:51.106633+00	<p>Purchases made before <strong>15:00</strong> will be shipped the same day. Purchases made after<strong> 15:00</strong> will be shipped the next day.</p>\r\n\r\n<p>&nbsp;Orders that are melting and will not be refrigerated for a long time will not be sent out on Saturdays and Sundays to ensure our customers receive their orders in good condition.</p>\r\n\r\n<p>For purchases which telephone and air temperature are not important, the post office is closed only on Sundays and holidays.</p>	<p>Soat <strong>15:00 </strong>gacha qilingan haridlar shu kuni chiqarib yuboriladi. <strong>15:00 </strong>dan keyingi haridlar ertasi kuni mijozga chiqarib yuboriladi.</p>\r\n\r\n<p>Eriydigan va muslatgich haroratisiz uzoq muddat turmaydigan haridlar uchun Shanba va Yakshanba kunlari pochta ketmaydi, Bu Mijozlarimizga haridlari yaxshi holatga yetib borishi uchun.&nbsp;</p>\r\n\r\n<p>Telefon va havo harorati muhim bo&#39;lmagan haridlar uchun faqat yakshanba va bayram kunlari pochta hizmati ishlamaydi xolos.</p>	<p>Purchases made before <strong>15:00</strong> will be shipped the same day. Purchases made after<strong> 15:00</strong> will be shipped the next day.</p>\r\n\r\n<p>&nbsp;Orders that are melting and will not be refrigerated for a long time will not be sent out on Saturdays and Sundays to ensure our customers receive their orders in good condition.</p>\r\n\r\n<p>For purchases which telephone and air temperature are not important, the post office is closed only on Sundays and holidays.</p>	<p>,   <strong>15:00 </strong>     . ,   <strong>15:00</strong>     .</p>\r\n\r\n<p>&nbsp;,            ,          ,         .</p>\r\n\r\n<p> ,       ,       .</p>	<p> <strong>15</strong>  .<br />\r\n<strong>15 </strong>   .</p>\r\n\r\n<p><br />\r\n              .</p>	<p>There is a 1-month warranty for the phones, they will be replaced if there is any malfunction or defect in the phone.+</p>	<p>Telefonlar uchun 1 oy garantiya bor, telefonda qanaqadir nosozlik va kamchilik chiqsa almastirib beriladi.&nbsp;</p>	<p>There is a 1-month warranty for the phones, they will be replaced if there is any malfunction or defect in the phone.+</p>	<p>    1 ,         &nbsp; </p>	<p>   1,       .</p>	<p>Purchases made before <strong>15:00</strong> will be shipped the same day. Purchases made after<strong> 15:00</strong> will be shipped the next day.</p>\r\n\r\n<p>&nbsp;Orders that are melting and will not be refrigerated for a long time will not be sent out on Saturdays and Sundays to ensure our customers receive their orders in good condition.</p>\r\n\r\n<p>For purchases which telephone and air temperature are not important, the post office is closed only on Sundays and holidays.</p>	<p>Soat <strong>15:00 </strong>gacha qilingan haridlar shu kuni chiqarib yuboriladi. <strong>15:00 </strong>dan keyingi haridlar ertasi kuni mijozga chiqarib yuboriladi.</p>\r\n\r\n<p>Eriydigan va muslatgich haroratisiz uzoq muddat turmaydigan haridlar uchun Shanba va Yakshanba kunlari pochta ketmaydi, Bu Mijozlarimizga haridlari yaxshi holatga yetib borishi uchun.&nbsp;</p>\r\n\r\n<p>Telefon va havo harorati muhim bo&#39;lmagan haridlar uchun faqat yakshanba va bayram kunlari pochta hizmati ishlamaydi xolos.</p>	<p>Purchases made before <strong>15:00</strong> will be shipped the same day. Purchases made after<strong> 15:00</strong> will be shipped the next day.</p>\r\n\r\n<p>&nbsp;Orders that are melting and will not be refrigerated for a long time will not be sent out on Saturdays and Sundays to ensure our customers receive their orders in good condition.</p>\r\n\r\n<p>For purchases which telephone and air temperature are not important, the post office is closed only on Sundays and holidays.</p>	<p>,   <strong>15:00 </strong>     . ,   <strong>15:00</strong>     .</p>\r\n\r\n<p>&nbsp;,            ,          ,         .</p>\r\n\r\n<p> ,       ,       .</p>	<p> <strong>15</strong>  .<br />\r\n<strong>15 </strong>   .</p>\r\n\r\n<p><br />\r\n              .</p>	\N	\N	\N	\N	\N	<p><strong>Million Halal Market</strong> has 2 branches.</p>	<p><strong>Million Halal Market</strong>ning 2 ta filiali mavjud.</p>\r\n\r\n<p>1)&nbsp;</p>	<p><strong>Million Halal Market</strong> has 2 branches.</p>	<p><strong>  </strong>  2 .</p>	<p><strong>  </strong> 2  .</p>	<p>For contact with us.</p>	<p>For contact with us.</p>		<p>https://api.telegram.org/bot6464779102:AAH2tKMLtsq6FYQ4l658wEGeJ30X_vXup5A/setWe bhook?url=https://millionmart.uz/dashboard/bot</p>	<p>Biz bn bog&#39;lanish uchun.</p>	<p>You can make the payment by transferring to our account number<br />\r\n  Woori bank<br />\r\n<strong>1005-104-208880</strong><br />\r\nKODIROV FARRUKH</p>	<p>You can make the payment by transferring to our account number<br />\r\n  Woori bank<br />\r\n<strong>1005-104-208880</strong><br />\r\nKODIROV FARRUKH</p>	<p>   <br />\r\n  Woori bank<br />\r\n<strong>1005-104-208880</strong><br />\r\nKODIROV FARRUKH</p>	<p>   &nbsp;   .<br />\r\n  Woori bank<br />\r\n<strong>1005-104-208880</strong><br />\r\nKODIROV FARRUKH</p>	<p>To&#39;lovni bizning hisob raqamga o&#39;tkazish orqali qilsangiz bo&#39;ladi.</p>\r\n\r\n<p>  Woori bank<br />\r\n<strong>1005-104-208880</strong><br />\r\nKODIROV FARRUKH</p>
\.


--
-- Data for Name: merchant_order; Type: TABLE DATA; Schema: public; Owner: username
--

COPY public.merchant_order (id, created, modified, user_id, comment, status, total_amount, location_id) FROM stdin;
22	2024-02-28 06:15:03.218208+00	2024-03-14 08:49:25.786375+00	3	zor	pending	36000	\N
52	2024-04-11 09:57:39.797946+00	2024-04-11 09:57:40.092934+00	32		in_cart	21000	\N
12	2024-02-18 14:21:23.341438+00	2024-02-18 14:23:17.471946+00	15		in_cart	4200	\N
10	2024-02-11 12:06:55.647544+00	2024-02-19 18:29:11.328055+00	5	buni olib kel	pending	2000	\N
18	2024-02-21 17:12:34.82697+00	2024-02-22 15:42:09.755856+00	5		pending	42000	\N
53	2024-04-15 10:00:36.787669+00	2024-04-15 10:01:18.722994+00	70		pending	6500	\N
41	2024-03-24 10:38:26.808232+00	2024-03-24 10:39:14.555278+00	48		in_cart	0	\N
42	2024-03-26 06:04:03.589839+00	2024-03-26 06:07:44.955616+00	56		in_cart	0	\N
19	2024-02-22 15:56:09.894352+00	2024-02-22 16:06:18.078825+00	5		pending	0	\N
21	2024-02-25 10:57:49.854122+00	2024-02-28 08:31:54.750031+00	20		in_cart	32800	\N
14	2024-02-19 22:46:26.692501+00	2024-02-19 22:47:21.585975+00	6		pending	22000	\N
56	2024-04-18 05:37:58.300852+00	2024-04-19 06:28:16.19865+00	3	goshtni kesib bering va chiroyli upaqovka qibering	pending	90900	\N
23	2024-02-28 09:13:58.457231+00	2024-02-28 09:13:58.862069+00	25		in_cart	16000	\N
15	2024-02-19 22:50:56.531732+00	2024-02-19 22:51:10.986368+00	6		pending	0	\N
67	2024-05-07 07:43:46.814432+00	2024-05-07 07:43:47.2293+00	95		in_cart	6000	\N
16	2024-02-19 22:52:35.888849+00	2024-02-19 22:52:52.946187+00	6		pending	0	\N
35	2024-03-14 09:29:54.96499+00	2024-03-15 19:44:37.518419+00	35		pending	0	\N
17	2024-02-19 22:53:13.612276+00	2024-02-19 22:53:54.454891+00	6		pending	22000	\N
6	2024-02-08 10:17:30.393601+00	2024-02-19 22:54:27.569374+00	5		approved	30500	\N
57	2024-04-19 06:29:40.283342+00	2024-04-19 06:29:57.545484+00	49		in_cart	30000	\N
46	2024-03-26 17:00:09.327326+00	2024-03-26 17:02:58.131694+00	5		in_cart	125400	\N
36	2024-03-16 12:58:17.240616+00	2024-03-16 12:58:17.537416+00	39		in_cart	39300	\N
64	2024-05-05 03:30:09.153831+00	2024-05-05 07:19:21.366052+00	86		in_cart	53000	\N
25	2024-03-06 09:16:03.98183+00	2024-03-06 09:21:41.732329+00	31		in_cart	59200	\N
47	2024-04-02 07:29:06.635273+00	2024-04-02 07:30:49.98386+00	12		in_cart	68000	\N
13	2024-02-19 18:32:49.574033+00	2024-02-20 12:02:06.877081+00	5		pending	100130	\N
26	2024-03-09 03:28:07.983981+00	2024-03-09 03:29:00.992686+00	23		in_cart	0	\N
43	2024-03-26 15:57:18.743543+00	2024-04-22 15:57:23.943097+00	45		in_cart	141360	\N
71	2024-05-09 03:59:46.265051+00	2024-05-09 03:59:46.684116+00	101		in_cart	2900	\N
60	2024-04-30 14:15:10.026743+00	2024-04-30 14:17:55.118575+00	3		in_cart	12000	\N
7	2024-02-09 14:13:29.096511+00	2024-03-09 08:32:31.855882+00	6	goshtlani kesib berin	approved	156705	\N
48	2024-04-02 13:09:33.269468+00	2024-04-02 13:12:34.991734+00	47		in_cart	34600	\N
65	2024-05-05 14:20:33.867869+00	2024-05-05 14:21:35.525585+00	88		in_cart	15300	\N
28	2024-03-10 08:45:30.628207+00	2024-03-10 08:45:30.920721+00	34		in_cart	58000	\N
72	2024-05-09 05:39:39.523616+00	2024-05-09 05:39:39.744704+00	76		in_cart	11000	\N
29	2024-03-12 07:14:40.442373+00	2024-03-12 07:14:40.642429+00	24		in_cart	13100	\N
30	2024-03-12 20:21:30.709412+00	2024-03-12 20:21:31.016216+00	37		in_cart	11000	\N
61	2024-05-03 12:37:15.115826+00	2024-05-07 07:52:53.126722+00	81	tezroq faqat	pending	21400	24
55	2024-04-18 05:16:16.789043+00	2024-04-18 05:27:25.640429+00	3	pochtani extiyotkorlik bn orang \nbuyurtmamiz yaxshi holatda kelishini xoxlayman	pending	102885	\N
50	2024-04-05 08:26:19.533928+00	2024-04-05 08:26:19.928556+00	65		in_cart	15000	\N
5	2024-02-08 10:15:49.607572+00	2024-04-18 05:27:46.723557+00	3		approved	4200	\N
62	2024-05-04 11:34:06.144491+00	2024-05-04 11:34:57.217848+00	29		in_cart	21000	\N
68	2024-05-07 10:57:24.47168+00	2024-05-07 11:02:22.521516+00	97		in_cart	26600	\N
20	2024-02-22 16:39:44.579558+00	2024-02-28 06:49:56.774429+00	5		pending	157635	\N
37	2024-03-22 10:51:44.232808+00	2024-03-22 10:53:37.113938+00	49	wrong bo'lsin	pending	15000	\N
38	2024-03-22 10:55:31.640886+00	2024-03-22 10:56:32.409269+00	6		pending	27000	\N
39	2024-03-23 11:49:35.93767+00	2024-03-23 13:01:09.271255+00	48		pending	30400	\N
34	2024-03-14 08:50:45.230738+00	2024-03-14 09:29:45.916907+00	3	extioyot qilib o'rang	pending	133000	\N
27	2024-03-09 08:29:47.421003+00	2024-03-09 08:30:22.646432+00	5		pending	20000	\N
31	2024-03-14 08:36:51.869191+00	2024-03-14 08:37:37.672983+00	5	kesib junatin	pending	20000	\N
32	2024-03-14 08:43:14.624143+00	2024-03-14 08:43:59.004213+00	5	iool	pending	14200	\N
33	2024-03-14 08:45:09.008609+00	2024-03-14 08:45:44.842007+00	5	kesilsiz	pending	22000	\N
51	2024-04-07 23:30:07.211798+00	2024-04-08 00:03:11.616369+00	67		in_cart	44600	\N
69	2024-05-07 14:08:41.830953+00	2024-05-07 14:11:06.738553+00	98		in_cart	43000	\N
59	2024-04-20 11:32:27.36959+00	2024-04-20 11:32:27.754094+00	33		in_cart	3000	\N
54	2024-04-17 17:04:56.181518+00	2024-05-07 06:58:23.048088+00	76	1 qavat 105 xona	pending	34700	24
66	2024-05-06 07:37:36.885424+00	2024-05-06 07:47:18.187622+00	91		pending	39900	\N
63	2024-05-05 02:06:31.397293+00	2024-05-05 02:21:57.444077+00	84		pending	70000	\N
58	2024-04-19 06:32:38.304182+00	2024-04-19 06:33:43.742136+00	78		pending	8000	\N
49	2024-04-03 07:12:32.635123+00	2024-04-03 07:16:10.553834+00	6	kolbasani kesib bering	pending	30000	\N
45	2024-03-26 16:10:46.459076+00	2024-03-26 16:58:33.291566+00	5		pending	28000	\N
40	2024-03-24 05:16:07.686542+00	2024-03-24 05:24:11.576751+00	52	goshtni yogsiz qilib jonatib  berilar yaxshi bo'lsa yana koproq zakas qilinadi	pending	62400	\N
44	2024-03-26 15:58:35.031638+00	2024-03-26 16:07:26.70746+00	5		pending	46400	\N
70	2024-05-07 22:30:36.829092+00	2024-05-08 13:37:09.416969+00	99		in_cart	0	\N
\.


--
-- Data for Name: merchant_orderitem; Type: TABLE DATA; Schema: public; Owner: username
--

COPY public.merchant_orderitem (id, created, modified, quantity, order_id, product_id) FROM stdin;
47	2024-02-21 17:12:34.911314+00	2024-02-22 15:37:25.775882+00	9	18	17
97	2024-04-02 13:09:33.651722+00	2024-04-02 13:09:33.651722+00	1	48	12
8	2024-02-08 10:17:30.402313+00	2024-02-08 10:17:30.402313+00	1	6	3
9	2024-02-08 10:19:06.455139+00	2024-02-08 10:19:06.455139+00	1	6	15
10	2024-02-08 10:19:44.193583+00	2024-02-08 10:19:44.193583+00	1	6	14
73	2024-03-14 08:46:54.147981+00	2024-03-14 08:46:54.147981+00	1	22	29
7	2024-02-08 10:15:49.698961+00	2024-02-08 12:13:11.145231+00	1	5	12
12	2024-02-09 14:13:42.561138+00	2024-02-09 14:13:42.561138+00	1	7	14
11	2024-02-09 14:13:29.198545+00	2024-02-09 14:14:16.673702+00	2	7	3
48	2024-02-22 15:18:39.243022+00	2024-02-22 15:37:32.296375+00	10	18	12
49	2024-02-22 15:56:09.994569+00	2024-02-22 16:03:38.288562+00	3	19	17
74	2024-03-14 08:50:45.412024+00	2024-03-14 08:50:45.412024+00	14	34	33
77	2024-03-16 12:58:17.336535+00	2024-03-16 12:58:17.336535+00	3	36	34
13	2024-02-09 14:13:56.005565+00	2024-02-09 14:14:44.687285+00	8	7	21
78	2024-03-22 10:51:44.344528+00	2024-03-22 10:51:44.344528+00	1	37	1
14	2024-02-09 14:14:09.963073+00	2024-02-09 14:14:50.518657+00	3	7	1
98	2024-04-02 13:11:07.700582+00	2024-04-02 13:11:07.700582+00	1	48	14
99	2024-04-02 13:11:40.506232+00	2024-04-02 13:11:40.506232+00	1	48	188
100	2024-04-02 13:12:34.689889+00	2024-04-02 13:12:34.689889+00	1	48	36
52	2024-02-25 10:58:24.385871+00	2024-02-25 10:58:24.385871+00	1	21	20
18	2024-02-11 12:06:55.830359+00	2024-02-15 03:35:21.971233+00	2	10	17
101	2024-04-03 07:12:32.747263+00	2024-04-03 07:12:32.747263+00	1	49	33
102	2024-04-03 07:13:06.164382+00	2024-04-03 07:13:06.164382+00	1	49	29
79	2024-03-22 10:55:31.737185+00	2024-03-22 10:56:09.490382+00	3	38	13
28	2024-02-18 14:21:23.528499+00	2024-02-18 14:23:17.264654+00	1	12	12
103	2024-04-03 07:13:48.713685+00	2024-04-03 07:13:48.713685+00	1	49	31
104	2024-04-05 08:26:19.71764+00	2024-04-05 08:26:19.71764+00	2	50	187
105	2024-04-07 23:30:07.325639+00	2024-04-07 23:30:07.325639+00	1	51	64
121	2024-04-18 05:18:54.581705+00	2024-04-18 05:18:54.581705+00	1	55	198
82	2024-03-23 12:48:39.208315+00	2024-03-23 12:48:39.208315+00	2	39	34
37	2024-02-19 18:32:49.674107+00	2024-02-19 18:32:49.674107+00	1	13	20
40	2024-02-19 22:46:26.780557+00	2024-02-19 22:46:26.780557+00	2	14	25
41	2024-02-19 22:46:36.020118+00	2024-02-19 22:46:36.020118+00	2	14	17
42	2024-02-19 22:50:56.632478+00	2024-02-19 22:50:56.632478+00	2	15	17
43	2024-02-19 22:52:36.077202+00	2024-02-19 22:52:36.077202+00	3	16	17
44	2024-02-19 22:53:13.704154+00	2024-02-19 22:53:13.704154+00	2	17	25
83	2024-03-23 12:51:10.526504+00	2024-03-23 12:51:10.526504+00	1	39	12
45	2024-02-20 06:11:37.728616+00	2024-02-20 06:11:50.17435+00	3	13	27
84	2024-03-24 05:16:07.881782+00	2024-03-24 05:16:07.881782+00	1	40	20
39	2024-02-19 18:33:29.206394+00	2024-02-20 06:11:58.812322+00	3	13	14
38	2024-02-19 18:32:57.298308+00	2024-02-20 06:12:01.020901+00	3	13	25
46	2024-02-20 12:00:53.393074+00	2024-02-20 12:00:53.393074+00	2	13	12
85	2024-03-24 05:17:16.756898+00	2024-03-24 05:17:16.756898+00	4	40	35
50	2024-02-22 16:39:44.59167+00	2024-02-25 21:36:31.76105+00	16	20	17
53	2024-02-25 17:03:16.040573+00	2024-02-25 21:36:31.874596+00	11	20	27
54	2024-02-25 21:37:01.603773+00	2024-02-25 21:37:01.603773+00	10	20	25
106	2024-04-07 23:30:23.268154+00	2024-04-07 23:30:23.268154+00	1	51	14
107	2024-04-08 00:00:52.981392+00	2024-04-08 00:00:52.981392+00	1	51	144
108	2024-04-08 00:02:34.397826+00	2024-04-08 00:02:34.397826+00	1	51	37
109	2024-04-08 00:03:10.839568+00	2024-04-08 00:03:10.839568+00	1	51	20
55	2024-02-28 06:15:03.406971+00	2024-02-28 06:15:03.406971+00	1	22	17
110	2024-04-11 09:57:39.89092+00	2024-04-11 09:57:39.89092+00	5	52	12
148	2024-04-22 15:34:48.373353+00	2024-04-22 15:34:48.373353+00	1	43	127
111	2024-04-15 10:00:36.888986+00	2024-04-15 10:00:36.888986+00	1	53	10
51	2024-02-25 10:57:50.036515+00	2024-02-28 08:31:54.563557+00	4	21	12
56	2024-02-28 09:13:58.471978+00	2024-02-28 09:13:58.471978+00	1	23	20
112	2024-04-15 10:00:47.720105+00	2024-04-15 10:00:47.720105+00	1	53	127
58	2024-03-06 09:16:04.070375+00	2024-03-06 09:16:04.070375+00	5	25	12
59	2024-03-06 09:21:11.718923+00	2024-03-06 09:21:11.718923+00	2	25	35
60	2024-03-06 09:21:41.440353+00	2024-03-06 09:21:41.440353+00	1	25	1
62	2024-03-09 08:29:47.69662+00	2024-03-09 08:29:47.69662+00	1	27	29
63	2024-03-09 08:29:59.737675+00	2024-03-09 08:29:59.737675+00	1	27	33
64	2024-03-09 08:39:50.97513+00	2024-03-09 08:39:50.97513+00	2	22	33
65	2024-03-10 08:45:30.717539+00	2024-03-10 08:45:30.717539+00	5	28	35
66	2024-03-12 07:14:40.531158+00	2024-03-12 07:14:40.531158+00	1	29	34
67	2024-03-12 20:21:30.892202+00	2024-03-12 20:21:30.892202+00	1	30	3
68	2024-03-14 08:36:51.88469+00	2024-03-14 08:36:51.88469+00	2	31	33
69	2024-03-14 08:43:14.631759+00	2024-03-14 08:43:14.631759+00	1	32	12
70	2024-03-14 08:43:29.685562+00	2024-03-14 08:43:29.685562+00	1	32	29
71	2024-03-14 08:45:09.199952+00	2024-03-14 08:45:09.199952+00	4	33	64
72	2024-03-14 08:46:42.192132+00	2024-03-14 08:46:42.192132+00	1	22	41
90	2024-03-26 15:59:15.586231+00	2024-03-26 15:59:15.586231+00	1	44	64
93	2024-03-26 16:10:46.475597+00	2024-03-26 16:51:14.043266+00	8	45	127
89	2024-03-26 15:58:35.132184+00	2024-03-26 15:59:56.550082+00	4	44	127
92	2024-03-26 16:06:54.38599+00	2024-03-26 16:06:54.38599+00	1	44	139
91	2024-03-26 16:00:19.646426+00	2024-03-26 16:07:03.581589+00	2	44	98
122	2024-04-18 05:19:20.684824+00	2024-04-18 05:19:20.684824+00	1	55	33
120	2024-04-18 05:18:14.318137+00	2024-04-18 05:19:56.305271+00	4	55	190
123	2024-04-18 05:20:40.38641+00	2024-04-18 05:20:40.38641+00	1	55	98
124	2024-04-18 05:20:58.663193+00	2024-04-18 05:20:58.663193+00	1	55	13
125	2024-04-18 05:21:58.556452+00	2024-04-18 05:21:58.556452+00	1	55	195
126	2024-04-18 05:22:34.721331+00	2024-04-18 05:22:34.721331+00	1	55	44
127	2024-04-18 05:23:10.656089+00	2024-04-18 05:23:10.656089+00	1	55	196
128	2024-04-18 05:24:38.609722+00	2024-04-18 05:24:38.609722+00	1	55	189
94	2024-03-26 17:00:09.347164+00	2024-03-26 17:02:58.108581+00	12	46	96
95	2024-04-02 07:29:06.834345+00	2024-04-02 07:29:06.834345+00	5	47	35
96	2024-04-02 07:30:49.591374+00	2024-04-02 07:30:49.591374+00	1	47	33
129	2024-04-18 05:25:11.030453+00	2024-04-18 05:25:11.030453+00	1	55	58
131	2024-04-18 05:38:28.302553+00	2024-04-18 05:38:28.302553+00	1	56	26
119	2024-04-18 05:16:16.984786+00	2024-04-18 05:16:16.984786+00	2	55	127
130	2024-04-18 05:37:58.402257+00	2024-04-18 05:38:57.725354+00	2	56	29
132	2024-04-19 06:24:40.697463+00	2024-04-19 06:24:40.697463+00	1	56	32
133	2024-04-19 06:25:48.403003+00	2024-04-19 06:25:48.403003+00	3	56	204
134	2024-04-19 06:26:09.480139+00	2024-04-19 06:26:09.480139+00	1	56	74
135	2024-04-19 06:26:24.408311+00	2024-04-19 06:26:24.408311+00	1	56	64
136	2024-04-19 06:26:43.483847+00	2024-04-19 06:26:43.483847+00	1	56	10
137	2024-04-19 06:29:40.38963+00	2024-04-19 06:29:56.947311+00	2	57	1
138	2024-04-19 06:32:38.490545+00	2024-04-19 06:32:38.490545+00	1	58	140
147	2024-04-20 11:32:27.558489+00	2024-04-20 11:32:27.558489+00	1	59	201
88	2024-03-26 15:57:18.851088+00	2024-04-22 15:34:34.821057+00	20	43	64
149	2024-04-22 15:35:14.276188+00	2024-04-22 15:35:14.276188+00	1	43	21
150	2024-04-22 15:37:01.08493+00	2024-04-22 15:37:01.08493+00	1	43	33
151	2024-04-22 15:38:46.768017+00	2024-04-22 15:38:46.768017+00	1	43	206
152	2024-04-22 15:57:23.514176+00	2024-04-22 15:57:23.514176+00	1	43	176
153	2024-04-30 14:15:10.304089+00	2024-04-30 14:17:54.914239+00	2	60	112
154	2024-05-03 12:37:15.2101+00	2024-05-03 12:37:15.2101+00	1	61	218
155	2024-05-04 11:34:06.34442+00	2024-05-04 11:34:57.121601+00	5	62	12
158	2024-05-05 02:06:31.579769+00	2024-05-05 02:19:50.156164+00	10	63	205
159	2024-05-05 03:30:09.247062+00	2024-05-05 03:30:09.247062+00	5	64	205
160	2024-05-05 03:30:55.448418+00	2024-05-05 03:30:55.448418+00	1	64	202
161	2024-05-05 07:19:20.880646+00	2024-05-05 07:19:20.880646+00	1	64	198
162	2024-05-05 14:20:33.962398+00	2024-05-05 14:20:33.962398+00	1	65	145
163	2024-05-05 14:21:34.947065+00	2024-05-05 14:21:34.947065+00	1	65	35
164	2024-05-06 07:37:37.275313+00	2024-05-06 07:37:37.275313+00	1	66	203
166	2024-05-06 07:40:04.405598+00	2024-05-06 07:41:04.64236+00	1	66	35
165	2024-05-06 07:38:17.612244+00	2024-05-06 07:41:26.701207+00	3	66	205
171	2024-05-07 06:38:06.643558+00	2024-05-07 06:38:06.643558+00	2	54	15
172	2024-05-07 06:40:13.766916+00	2024-05-07 06:41:31.671286+00	1	54	80
173	2024-05-07 06:43:00.416189+00	2024-05-07 06:43:00.416189+00	1	54	202
174	2024-05-07 06:55:29.852184+00	2024-05-07 06:55:29.852184+00	1	54	184
175	2024-05-07 07:43:46.906149+00	2024-05-07 07:43:46.906149+00	1	67	44
176	2024-05-07 07:51:56.605545+00	2024-05-07 07:51:56.605545+00	1	61	111
177	2024-05-07 07:52:12.555921+00	2024-05-07 07:52:12.555921+00	1	61	194
178	2024-05-07 10:57:24.665201+00	2024-05-07 10:57:24.665201+00	3	68	37
179	2024-05-07 11:02:22.240665+00	2024-05-07 11:02:22.240665+00	1	68	100
180	2024-05-07 14:08:41.852324+00	2024-05-07 14:08:41.852324+00	2	69	186
181	2024-05-07 14:11:06.427719+00	2024-05-07 14:11:06.427719+00	2	69	13
184	2024-05-09 03:59:46.284014+00	2024-05-09 03:59:46.284014+00	1	71	194
185	2024-05-09 05:39:39.545764+00	2024-05-09 05:39:39.545764+00	1	72	25
\.


--
-- Data for Name: merchant_service; Type: TABLE DATA; Schema: public; Owner: username
--

COPY public.merchant_service (id, created, modified, delivery_fee) FROM stdin;
1	2024-01-24 15:53:08.266624+00	2024-01-31 15:14:28.678135+00	5000
\.


--
-- Data for Name: merchant_socialmedia; Type: TABLE DATA; Schema: public; Owner: username
--

COPY public.merchant_socialmedia (id, created, modified, telegram, instagram, whatsapp, phone_number, imo, kakao, tiktok) FROM stdin;
1	2024-01-24 15:52:43.334102+00	2024-02-02 18:05:11.721013+00	https://t.me/dunyomagazin	https://instagram.com/kimhedunyo	https://wa.me/+821021424342	01021424342	+821021424342	01021424342	https://www.tiktok.com/@millionqassob
\.


--
-- Data for Name: product_category; Type: TABLE DATA; Schema: public; Owner: username
--

COPY public.product_category (id, created, modified, main_type, name, image, "desc", active, desc_en, desc_kr, desc_ru, desc_uz, name_en, name_kr, name_ru, name_uz) FROM stdin;
2	2024-01-26 12:47:18.99426+00	2024-02-02 14:54:28.007927+00	p	samsung	category/samsung.jpg		t					samsung		samsung	samsung
1	2024-01-26 12:32:41.807123+00	2024-02-02 16:00:33.432225+00	f	meat	category/gosht_maxsulotlari.jpg		t	\N	\N	\N	\N	meat	 	 	Go'sht Maxsulotlari
5	2024-01-31 15:01:55.590985+00	2024-02-02 16:15:25.483892+00	t	Uz Air Ways	category/uz_air_ways.jpg		t		\N	\N	\N	Uz Air Ways		Uz Air Ways	O'zbekiston Havo Yo'llari
4	2024-01-31 14:52:52.031243+00	2024-02-02 16:24:23.937263+00	p	Iphone	category/iphone_r.jpg		t					Iphone			Iphone
3	2024-01-28 12:37:19.31379+00	2024-02-07 16:16:28.141645+00	f	Food products	category/food_products_pBqqTkM.jpg		t	\N	\N	\N	\N	Food products		 	Oziq-ovqat maxsulotlari
11	2024-02-07 16:48:12.60856+00	2024-02-08 08:49:52.821875+00	f	Islamic	category/islamic_6rZY6Nd.jpg		t	\N	\N	\N	\N	Islamic			Islomiy
12	2024-03-07 16:01:56.029051+00	2024-03-07 16:07:44.070523+00	p	Watch	category/watch_456.jpg		t	\N	\N	\N	\N	Watch			Soatlar
13	2024-03-07 17:15:44.124759+00	2024-03-07 17:15:44.124759+00	p	Tablet	category/tap.jpg		t	\N	\N	\N	\N	Tablet			Planshet
\.


--
-- Data for Name: product_good; Type: TABLE DATA; Schema: public; Owner: username
--

COPY public.product_good (id, name, ingredients, expire_date, product_id, sub_cat_id, ingredients_en, ingredients_kr, ingredients_ru, ingredients_uz, name_en, name_kr, name_ru, name_uz) FROM stdin;
19	Royal food 1kg		2026-02-20	25	11	\N	\N	\N	\N	Royal food 1kg	Royal food 1 kg	Royal food 1kg	Royal food 1kg
4	Mars chocolate		2025-02-02	10	3	\N	\N	\N	\N	Mars chocolate	Mars ( ) 	Mars 	Mars shokalad
37	pistachios		0001-01-01	43	14	\N	\N	\N	\N	pistachios			pista
22	DOKTORSKAYA		0001-01-01	28	11	\N	\N	\N	\N	DOKTORSKAYA			DOKTORSKAYA
10	Moxito		2026-02-12	16	7	\N	\N	\N	\N	Moxito			Moxito
29	Beef hind leg		0001-01-01	35	2	\N	\N	\N	\N	Beef hind leg		  	Mol orqa son
9	Samarkhand bread		2025-02-02	15	8	\N	\N	\N	\N	Samarkhand bread	 	 	Samarqand non
14	Sunflower oil 5 liter		2026-08-03	20	9	\N	\N	\N	\N	Sunflower oil 5 liter	 5	  5 	Kungaboqar Yog'i 5 liter
3	Navvot		2025-02-02	9	3	\N	\N	\N	\N	Navvot			Navvot
36	Beef Stew		0001-01-01	42	12	\N	\N	\N	\N	Beef Stew	 		Mol goshti
1	Lamb front leg		2025-08-02	1	1	\N	\N	\N	\N	Lamb front leg		  	Qo'y oldi son
8	LAMB NECK		2026-02-02	14	1	\N	\N	\N	\N	LAMB NECK	 	 	QO'Y BO'YIN
28	Beef neck		0001-01-01	34	2	\N	\N	\N	\N	Beef neck		 	Mol boyin
23	DOKTORSKAYA		0001-01-01	29	11	\N	\N	\N	\N	DOKTORSKAYA			DOKTORSKAYA
38	pistachios		0001-01-01	44	14	\N	\N	\N	\N	pistachios			pista
27	LYUBITELSKAYA		0001-01-01	33	11	\N	\N	\N	\N	LYUBITELSKAYA	LYUBITSKAYA		LYUBITELSKAYA
11	Monster black		2025-02-02	17	7	\N	\N	\N	\N	Monster black	  	  	Monster  qora
26	ELITNAYA		0001-01-01	32	11	\N	\N	\N	\N	ELITNAYA			ELITNAYA
44	  Spaghetti		0001-01-01	50	16	\N	\N	\N	\N	  Spaghetti	 	  	 spagetti
43	Garofalo Spaghetti		0001-01-01	49	16	\N	\N	\N	\N	Garofalo Spaghetti	Garofalo  	Garofalo  	Garofalo spagetti
41	Spagetti		0001-01-01	47	16	\N	\N	\N	\N	Spagetti		Spaghetti	Spagetti
46	AGNESI Spaghetti		0001-01-01	52	16	\N	\N	\N	\N	AGNESI Spaghetti	AGNESI 	AGNESI 	AGNESI Spagetti
40	Shorva		0001-01-01	46	12	\N	\N	\N	\N	Shorva			Shorva
47	MAKFA Pasta		0001-01-01	53	16	\N	\N	\N	\N	MAKFA Pasta	MAKFA 	MAKFA 	MAKFA Makaron
45	MAKIZ Spaghetti		0001-01-01	51	16	\N	\N	\N	\N	MAKIZ Spaghetti	MAKIZ 	MAKIZ 	MAKIZ spagetti
42	 Spaghetti		0001-01-01	48	16	\N	\N	\N	\N	 Spaghetti	 	 	 Spagetti
6	Chicked legs		2025-05-05	12	6	\N	\N	\N	\N	Chicked legs		 	Tovuq oyoqchalari
39	Pilav		0001-01-01	45	12	\N	\N	\N	\N	Pilav			Polov
32	Pickles		0001-01-01	38	13	\N	\N	\N	\N	Pickles	 	 	Tuzlangan bodring
12	Monster Mango Blue		2026-02-20	18	7	\N	\N	\N	\N	Monster Mango Blue	    	    C	Monster Mango  ko'k
21	Snickers		2026-02-20	27	3	\N	\N	\N	\N	Snickers	Snickers	Snickers	Snickers
20	Royal food		2026-02-20	26	11	\N	\N	\N	\N	Royal food	Royal food	Royal food	Royal food
18	Mars		2026-02-01	24	3	\N	\N	\N	\N	Mars	Mars	Mars	Mars
17	Baunty		2026-02-20	23	3	\N	\N	\N	\N	Baunty	Baunty	Baunty	Baunty
15	Sunflower oil 3 liter		2026-02-02	21	9	\N	\N	\N	\N	Sunflower oil 3 liter	 3	  3 	Kungaboqar Yog'i 3 liter
7	Beef ribs		2027-05-06	13	2	\N	\N	\N	\N	Beef ribs	 	 	Mol quvurg'a
13	DENA CHERRY		2026-05-20	19	7	\N	\N	\N	\N	DENA CHERRY	DENA   	 	DENA GILOSLI
34	Red Lobla		0001-01-01	40	18	\N	\N	\N	\N	Red Lobla		 	Qizil Loviya
35	Chicpeas		0001-01-01	41	18	\N	\N	\N	\N	Chicpeas			Noxot
33	Pickled tomato		0001-01-01	39	13	\N	\N	\N	\N	Pickled tomato	 	 	Tuzlangan pomidor
31	Anchor butter		0001-01-01	37	15	\N	\N	\N	\N	Anchor butter	  	 	Anchor sariyog
49	MAKIZ Pasta		0001-01-01	55	16	\N	\N	\N	\N	MAKIZ Pasta	MAKIZ 	MAKIZ 	MAKIZ Makaron
48	MAKIZ Pasta 700G		0001-01-01	54	16	\N	\N	\N	\N	MAKIZ Pasta 700G	MAKIZ  700G	MAKIZ  700	MAKIZ Makaron 700G
50	MAKIZ Pasta 400g		0001-01-01	56	16	\N	\N	\N	\N	MAKIZ Pasta 400g	MAKIZ  400g	MAKIZ  400	MAKIZ Makaron 400g
52	MAKIZ Pasta		0001-01-01	58	16	\N	\N	\N	\N	MAKIZ Pasta	MAKIZ 	MAKIZ 	MAKIZ Shilpildoq
30	Beef front leg		0001-01-01	36	2	\N	\N	\N	\N	Beef front leg		  	Mol oldi son
25	Molochnaya		0001-01-01	31	11	\N	\N	\N	\N	Molochnaya			Molochnaya
2	Lamb minced		2025-01-26	3	1	\N	\N	\N	\N	Lamb minced	 	 	Qo'y Qiyma
51	MAKIZ Pasta		0001-01-01	57	16	\N	\N	\N	\N	MAKIZ Pasta	MAKIZ 	MAKIZ 	MAKIZ Makaron
53	MAKIZ Pasta		0001-01-01	59	16	\N	\N	\N	\N	MAKIZ Pasta	MAKIZ 	MAKIZ 	MAKIZ Makaron
54	MAKIZ  Spring Pasta 700G		0001-01-01	60	16	\N	\N	\N	\N	MAKIZ  Spring Pasta 700G	MAKIZ   700G	MAKIZ   700G	MAKIZ prujina makaron 700G
55	sprats fish		0001-01-01	61	12	\N	\N	\N	\N	sprats fish	 	 	Shprot baliq
56	RIGA GOLD Sprats 240g		0001-01-01	62	12	\N	\N	\N	\N	RIGA GOLD Sprats 240g	RIGA GOLD   240g	RIGA GOLD  240g	Shprot RIGA GOLD 240g
57	RIGA GOLD Sprats 160g		0001-01-01	63	12	\N	\N	\N	\N	RIGA GOLD Sprats 160g	RIGA GOLD   160 160	RIGA GOLD  160	Shprot RIGA GOLD 160g
58	Sprats BRIVAIS VILINIS		0001-01-01	64	12	\N	\N	\N	\N	Sprats BRIVAIS VILINIS	   BRIVAIS VILINIS	 BRIVAIS VILINIS	Shprot BRIVAIS VILINIS
59	Smoked sprats		0001-01-01	65	12	\N	\N	\N	\N	Smoked sprats	 	 	Dudlangan shprot
60	Santa Bremor		0001-01-01	66	12	\N	\N	\N	\N	Santa Bremor	 	C 	Santa Bremor
61	Makfa Nests		0001-01-01	67	16	\N	\N	\N	\N	Makfa Nests	 	 	Makfa uyalar
63	Pickles cucumber 1L		0001-01-01	69	13	\N	\N	\N	\N	Pickles cucumber 1L	  1L	  1 	Tuzlama bodring 1L
62	Pickles		0001-01-01	68	13	\N	\N	\N	\N	Pickles	 	 	Tuzlama bodring
64	uberginen salad		0001-01-01	70	13	\N	\N	\N	\N	uberginen salad	 	  	Baqlajon salat
65	Cucumbers and tomatoes		0001-01-01	71	13	\N	\N	\N	\N	Cucumbers and tomatoes	 	  	Bodring va pamidor
66	Adjika pepper		0001-01-01	72	13	\N	\N	\N	\N	Adjika pepper	 		Adjika qalampir
67	Pickles		0001-01-01	73	13	\N	\N	\N	\N	Pickles	 	 	Tuzlama bodring
68	Assorted		0001-01-01	74	13	\N	\N	\N	\N	Assorted			Asarti
69	Squash puree		0001-01-01	75	13	\N	\N	\N	\N	Squash puree	 	 	Qovoq pyuresi
70	BURCU Pickles		0001-01-01	76	13	\N	\N	\N	\N	BURCU Pickles	BURCU 	BURCU  	BURCU Tuzlama bodring
71	hot peppers		0001-01-01	77	13	\N	\N	\N	\N	hot peppers		 	achchiq qalampir
72	Jalapeno		0001-01-01	78	13	\N	\N	\N	\N	Jalapeno	Jalapeno	Jalapeno	Jalapeno
73	Lecho		0001-01-01	79	13	\N	\N	\N	\N	Lecho			Lecho
74	Anchor		0001-01-01	80	15	\N	\N	\N	\N	Anchor	Anchor	Anchor	Anchor
75	President butter 400g		0001-01-01	81	15	\N	\N	\N	\N	President butter 400g	President 400g	President 400g	President  400g
76	President		0001-01-01	82	15	\N	\N	\N	\N	President	President		President
77	Svalya 400g		0001-01-01	83	15	\N	\N	\N	\N	Svalya 400g	Svalya 400g	 400	Svalya 400g
78	Svalya 200g		0001-01-01	84	15	\N	\N	\N	\N	Svalya 200g	Svalya 400g	 200	Svalya 200g
79	KIRKLAND		0001-01-01	85	15	\N	\N	\N	\N	KIRKLAND	KIRKLAND	KIRKLAND	KIRKLAND
80	MASLO		0001-01-01	86	15	\N	\N	\N	\N	MASLO	MASLO		MASLO
81	Greek feta		0001-01-01	87	15	\N	\N	\N	\N	Greek feta	 	 	Grekcha Feta
83	Cheese		0001-01-01	89	15	\N	\N	\N	\N	Cheese			Pishloq
84	Kaimak		0001-01-01	90	15	\N	\N	\N	\N	Kaimak			Kaimak
82	Homemade kefir		0001-01-01	88	15	\N	\N	\N	\N	Homemade kefir	 	 	Uy qatiqi
85	Whipping cream		0001-01-01	96	15	\N	\N	\N	\N	Whipping cream	 	 	Qaymoq
86	Millac whipping		0001-01-01	97	15	\N	\N	\N	\N	Millac whipping	Millac  	Millac  	Millac Qaymoq
88	UzKand Malina		0001-01-01	99	13	\N	\N	\N	\N	UzKand Malina	UzKand 	UzKand 	UzKand Malina
90	UzKand Adjika		0001-01-01	101	13	\N	\N	\N	\N	UzKand Adjika	UzKand 	UzKand 	UzKand Adjika
91	UzKand Apple		0001-01-01	102	13	\N	\N	\N	\N	UzKand Apple	UzKand 	UzKand 	UzKand Olma
93	UzKand Quince		0001-01-01	104	13	\N	\N	\N	\N	UzKand Quince	UzKand 	UzKand 	UzKand Behi
89	UzKand Cherry		0001-01-01	100	13	\N	\N	\N	\N	UzKand Cherry	UzKand 	UzKand 	UzKand Gilos
92	UzKand Apricot		0001-01-01	103	13	\N	\N	\N	\N	UzKand Apricot	UzKand 	UzKand 	UzKand Orik
87	UzKand Strowberry		0001-01-01	98	13	\N	\N	\N	\N	UzKand Strowberry	UzKand 	UzKand 	UzKand Qulupnay
94	Greenfield Black tea		0001-01-01	105	17	\N	\N	\N	\N	Greenfield Black tea	Greenfield 	Greenfield  	Greenfield Qora choy
96	Greenfield Black tea		0001-01-01	107	17	\N	\N	\N	\N	Greenfield Black tea	Greenfield 	Greenfield  	Greenfield Qora choy
97	RICHARD Black tea		0001-01-01	108	17	\N	\N	\N	\N	RICHARD Black tea	RICHARD 	RICHARD  	RICHARD  Qora choy
95	Greenfield Black tea 25		0001-01-01	106	17	\N	\N	\N	\N	Greenfield Black tea 25	Greenfield  25	Greenfield   25	Greenfield Qora choy 25
98	RICHARD Black tea 100		0001-01-01	109	17	\N	\N	\N	\N	RICHARD Black tea 100	RICHARD  100	RICHARD   100	RICHARD  Qora choy 100
143	Dill		0001-01-01	154	19	\N	\N	\N	\N	Dill			Dereotu Ukrop
99	AHMAD TEA Black tea		0001-01-01	110	17	\N	\N	\N	\N	AHMAD TEA Black tea	AHMAD TEA 	AHMAD TEA  	AHMAD TEA Qora choy
100	AHMAD TEA Black tea		0001-01-01	111	17	\N	\N	\N	\N	AHMAD TEA Black tea	AHMAD TEA 	AHMAD TEA  	AHMAD TEA Qora choy
101	AHMAD TEA Strowberry		0001-01-01	112	17	\N	\N	\N	\N	AHMAD TEA Strowberry	AHMAD TEA 	AHMAD TEA 	AHMAD TEA Qulupnay
102	 Green tea		0001-01-01	113	17	\N	\N	\N	\N	 Green tea	 	  	 Kok choy
104	Bliss Apple		0001-01-01	115	7	\N	\N	\N	\N	Bliss Apple	Bliss 	Bliss 	Bliss Olma
103	Bliss Cherry		0001-01-01	114	7	\N	\N	\N	\N	Bliss Cherry	Bliss 	Bliss 	Bliss gilos
105	Bliss orange		0001-01-01	116	7	\N	\N	\N	\N	Bliss orange	Bliss 	Bliss 	Bliss Apelsin
106	Bliss strowberry		0001-01-01	117	7	\N	\N	\N	\N	Bliss strowberry	Bliss 	Bliss 	Bliss Qulupnay
107	Bliss apple		0001-01-01	118	7	\N	\N	\N	\N	Bliss apple	Bliss 	Bliss 	Bliss olma
108	Bliss pomegranate		0001-01-01	119	7	\N	\N	\N	\N	Bliss pomegranate	Bliss 	Bliss 	Bliss Anor
109	Bliss pineapple		0001-01-01	120	7	\N	\N	\N	\N	Bliss pineapple	Bliss 	Bliss 	Bliss ananas
110	  		0001-01-01	121	7	\N	\N	\N	\N	  	  mix	  	  mix
111	  Cherry		0001-01-01	122	7	\N	\N	\N	\N	  Cherry	  	  	  Gilos
112	  orange		0001-01-01	123	7	\N	\N	\N	\N	  orange	  	  	  apelsin
113	  pomegranate		0001-01-01	124	7	\N	\N	\N	\N	  pomegranate	  	  	  Anor
114	  mix		0001-01-01	125	7	\N	\N	\N	\N	  mix	  mix	  	  mix
115	DENA Apple		0001-01-01	126	7	\N	\N	\N	\N	DENA Apple	DENA 	DENA 	DENA Olma
116	DENA Quince		0001-01-01	127	7	\N	\N	\N	\N	DENA Quince	DENA 	DENA 	DENA Behi
117	DENA peach		0001-01-01	128	7	\N	\N	\N	\N	DENA peach	DENA 	DENA 	DENA Shaptoli
118	DENA Cherry		0001-01-01	129	7	\N	\N	\N	\N	DENA Cherry	DENA 	DENA 	DENA Gilos
119	DENA Pineapple		0001-01-01	130	7	\N	\N	\N	\N	DENA Pineapple	DENA 	DENA 	DENA Ananas
120	DENA Apple-Plum-Cherry		0001-01-01	131	7	\N	\N	\N	\N	DENA Apple-Plum-Cherry	DENA --	DENA --	DENA Olma-olxo'ri-gilos
121	DENA Mix		0001-01-01	132	7	\N	\N	\N	\N	DENA Mix	DENA Mix	DENA 	DENA Mix
122	DENA tomato		0001-01-01	133	7	\N	\N	\N	\N	DENA tomato	DENA 	DENA 	DENA pamidor
123	Camomile		0001-01-01	134	17	\N	\N	\N	\N	Camomile			Romashka
124	Blueberry black tea		0001-01-01	135	17	\N	\N	\N	\N	Blueberry black tea	'' 	  	Blueberry qora choy
125	Berry black tea		0001-01-01	136	17	\N	\N	\N	\N	Berry black tea	' ' 	  	Berry qora choy
126	Caramel black tea		0001-01-01	137	17	\N	\N	\N	\N	Caramel black tea	  	 	Karamel qora choy
127	TESS		0001-01-01	138	17	\N	\N	\N	\N	TESS	TESS	TESS	TESS
128	AKBAR Tea		0001-01-01	139	17	\N	\N	\N	\N	AKBAR Tea	AKBAR 	AKBAR 	AKBAR choy
129	LIPTON Tea		0001-01-01	140	17	\N	\N	\N	\N	LIPTON Tea	LIPTON 	LIPTON 	LIPTON choy
130	VITAL Tea		0001-01-01	141	17	\N	\N	\N	\N	VITAL Tea	VITAL 	VITAL 	VITAL choy
131	Seasoning for pilaf		0001-01-01	142	19	\N	\N	\N	\N	Seasoning for pilaf	 	  	  
132	Seasoning for lagman		0001-01-01	143	19	\N	\N	\N	\N	Seasoning for lagman	 	  	Lagman uchun ziravor
133	Universal seasoning		0001-01-01	144	19	\N	\N	\N	\N	Universal seasoning		 	Universal ziravorlar
134	Seasoning for meat		0001-01-01	145	19	\N	\N	\N	\N	Seasoning for meat	 	  	Go'sht uchun ziravor
135	Seasoning for shurpa		0001-01-01	146	19	\N	\N	\N	\N	Seasoning for shurpa	 	  	Shorva uchun ziravor
136	Seasoning for shashyk		0001-01-01	147	19	\N	\N	\N	\N	Seasoning for shashyk	 	  	Shashlik uchun ziravor
137	Seasoning for chicken		0001-01-01	148	19	\N	\N	\N	\N	Seasoning for chicken	 	  	Tovuq  goshti uchun ziravor
138	Pepper		0001-01-01	149	19	\N	\N	\N	\N	Pepper			Qalapmir
139	Red pepper		0001-01-01	150	19	\N	\N	\N	\N	Red pepper		 	Qizil qalampir
140	Coriander		0001-01-01	151	19	\N	\N	\N	\N	Coriander			Koriander
142	Black pepper		0001-01-01	153	19	\N	\N	\N	\N	Black pepper		 	Qora qalampir
144	Red pepper		0001-01-01	155	19	\N	\N	\N	\N	Red pepper		 	Qizil qalampir
145	Black peppercorns		0001-01-01	156	19	\N	\N	\N	\N	Black peppercorns	  	  	Qora Murch urugi
146	Coriander cilantro		0001-01-01	157	19	\N	\N	\N	\N	Coriander cilantro		 	Maydalangan Kashinich urugi
147	Coriander whole cilantro		0001-01-01	158	19	\N	\N	\N	\N	Coriander whole cilantro	  	  	Kashinich Urugi
141	Zira		0001-01-01	152	19	\N	\N	\N	\N	Zira			Zira
148	BURCU peas		0001-01-01	159	12	\N	\N	\N	\N	BURCU peas	BURCU 	BURCU 	BURCU No'xat
149	Bonduelle peas		0001-01-01	160	12	\N	\N	\N	\N	Bonduelle peas	Bonduelle 	Bonduelle 	Bonduelle No'xat
150	Sweet corn		0001-01-01	161	12	\N	\N	\N	\N	Sweet corn	 	 	Shirin bodroq
151	Boiled Chickpeas		0001-01-01	162	12	\N	\N	\N	\N	Boiled Chickpeas	 	 	Qaynatilgan no'xat
153	Black olives		0001-01-01	164	12	\N	\N	\N	\N	Black olives	 	M	Qora zaytun
152	sweet corn		0001-01-01	163	12	\N	\N	\N	\N	sweet corn	 	 	Shirin bodroq
154	Beef stew		0001-01-01	165	12	\N	\N	\N	\N	Beef stew	 	 	Dudlangan mol goshti
155	KANONADA Beef stew		0001-01-01	166	12	\N	\N	\N	\N	KANONADA Beef stew	KANONADA  	KANONADA  	KANONADA Dudlangan mol goshti
156	HOMMOUS TAHINI		0001-01-01	167	12	\N	\N	\N	\N	HOMMOUS TAHINI	HOMMOUS TAHINI	HOMMOUS TAHINI	HOMMOUS TAHINI
157	MOSHKICHKI		0001-01-01	168	12	\N	\N	\N	\N	MOSHKICHKI			MOSHKICHKI
158	LAMB SOUP		0001-01-01	169	12	\N	\N	\N	\N	LAMB SOUP	 	  	Qoy goshtli sho'rva
159	Cabbage Roll		0001-01-01	170	12	\N	\N	\N	\N	Cabbage Roll	 		Karamli Galubsi
160	Premium Lamb Stew		0001-01-01	171	12	\N	\N	\N	\N	Premium Lamb Stew	 		Qoy goshti
161	Pilaf		0001-01-01	172	12	\N	\N	\N	\N	Pilaf			Palov
162	Biber Dolma		0001-01-01	173	12	\N	\N	\N	\N	Biber Dolma	Biber Dolma	Biber Dolma	Biber Dolma
163	DIMLAMA		0001-01-01	174	12	\N	\N	\N	\N	DIMLAMA			DIMLAMA
164	Spaghetti		0001-01-01	175	12	\N	\N	\N	\N	Spaghetti			Spagetti
165	Pearl Barley with beef		0001-01-01	176	12	\N	\N	\N	\N	Pearl Barley with beef	 		
166	Buckwheat with Beef		0001-01-01	177	12	\N	\N	\N	\N	Buckwheat with Beef	 	  	Grechka
167	Galubsi		0001-01-01	178	12	\N	\N	\N	\N	Galubsi	Galubsi		Galubsi
168	PURE BUTTER GHEE		0001-01-01	179	12	\N	\N	\N	\N	PURE BUTTER GHEE			Sariyog
169	La Sevillana		0001-01-01	180	13	\N	\N	\N	\N	La Sevillana	La Sevillana	La Sevillana	La Sevillana
170	Pitted black Hojiblanca olives		0001-01-01	181	13	\N	\N	\N	\N	Pitted black Hojiblanca olives	    	    	Qora Hojiblanka zaytun mevalari
172	Coca-cola 1.25 g		0001-01-01	183	7	\N	\N	\N	\N	Coca-cola 1.25 g	 1.25g	Coca-cola 1.25g	Coca-cola 1.25 g
173	Coca-cola 2L		0001-01-01	184	7	\N	\N	\N	\N	Coca-cola 2L	 2L	Coca-cola 2L	Coca-cola 2L
171	Spanish Hojiblance olives		0001-01-01	182	13	\N	\N	\N	\N	Spanish Hojiblance olives	  	  	Ispancha Hojiblanca zaytunlari
174	Beef Tenderloin		0001-01-01	185	2	\N	\N	\N	\N	Beef Tenderloin		 	Mol Laxm
176	Beef hooves		0001-01-01	187	2	\N	\N	\N	\N	Beef hooves	 	 	Mol tuyoq
177	Seara Whole chicken		0001-01-01	188	6	\N	\N	\N	\N	Seara Whole chicken	Seara   	Seara  	Seara Butun tovuq
178	Seara bran breast		0001-01-01	189	6	\N	\N	\N	\N	Seara bran breast	Seara  	Seara  	Seara kokrak laxm terisiz
179	Boneless frozen chicken thighs		0001-01-01	190	6	\N	\N	\N	\N	Boneless frozen chicken thighs	  	    	Suyaksiz muzlatilgan tovuq sonlari
180	Coca-cola		0001-01-01	191	7	\N	\N	\N	\N	Coca-cola		Coca-cola	Coca-cola
182	Coca-cola 1.25g		0001-01-01	193	7	\N	\N	\N	\N	Coca-cola 1.25g	 1.25g	Coca-cola 1.25g	Coca-cola 1.25g
181	Coca-cola 0.5g		0001-01-01	192	7	\N	\N	\N	\N	Coca-cola 0.5g	  0.5g	Coca-cola 0.5g	Coca-cola 0.5g
183	KOREAN CARROT SEASONING		0001-01-01	194	19	\N	\N	\N	\N	KOREAN CARROT SEASONING		    	Korea sabzi ziravorlari
184	Seasoning for meat		0001-01-01	195	19	\N	\N	\N	\N	Seasoning for meat	 	  	Go'sht uchun ziravorlar
187	Beef liver		0001-01-01	198	2	\N	\N	\N	\N	Beef liver	 	 	Mol jigar
186	Beef Shabu shabu		0001-01-01	197	2	\N	\N	\N	\N	Beef Shabu shabu	 	 13	Mol parrak
185	Beef honeycomp tripe (stomach)		0001-01-01	196	2	\N	\N	\N	\N	Beef honeycomp tripe (stomach)	 	 ..	Mol qorin
188	Sheep hooves		0001-01-01	199	1	\N	\N	\N	\N	Sheep hooves	 	 	Qo'y tuyoq
189	Lamb spine		0001-01-01	200	1	\N	\N	\N	\N	Lamb spine	 	 	Qo'y umurtqa
190	Lamb marrow bone		0001-01-01	201	1	\N	\N	\N	\N	Lamb marrow bone	  	  	Qo'y ilig suyag
175	Ground beef		0001-01-01	186	2	\N	\N	\N	\N	Ground beef	 	 	Mol qiyma
191	Beef tail		0001-01-01	202	2	\N	\N	\N	\N	Beef tail	 	 	Mol dum
192	Lamb back fat		0001-01-01	203	1	\N	\N	\N	\N	Lamb back fat	Lzmb back fat	  (  )	Qo'y dumba
193	Lamb liver		0001-01-01	204	1	\N	\N	\N	\N	Lamb liver	 	 	Qo'y jigar
194	Lamp shoulder		0001-01-01	205	1	\N	\N	\N	\N	Lamp shoulder	 	     	Qoy yelka
196	Lamb boneless		0001-01-01	207	1	\N	\N	\N	\N	Lamb boneless	 ()	  ( )	Qoy sekta laxm
195	Lamb back leg		0001-01-01	206	1	\N	\N	\N	\N	Lamb back leg	 	   	Qoy orqa son
197	Pistachios		0001-01-01	208	14	\N	\N	\N	\N	Pistachios			Pista
198	Almonds		0001-01-01	209	14	\N	\N	\N	\N	Almonds			Bodom
199	Almonds		0001-01-01	210	14	\N	\N	\N	\N	Almonds			Bodom
200	Whole cashews (with sea salt)		0001-01-01	211	14	\N	\N	\N	\N	Whole cashews (with sea salt)	 ( )	  (  )	Kaju (tuzli)
201	Whole cashews		0001-01-01	212	14	\N	\N	\N	\N	Whole cashews	 	 	Kaju
202	Almonds Xalqlar Dostligi		0001-01-01	213	14	\N	\N	\N	\N	Almonds Xalqlar Dostligi	 Xalqlar Dostligi	 Xalqlar Dostligi	Bodom Xalqlar Dostligi
203	Walnut Xalqlar Dostligi		0001-01-01	214	14	\N	\N	\N	\N	Walnut Xalqlar Dostligi	 Xalqlar Dostligi	 Xalqlar Dostligi	Yong'oq Xalqlar Dostligi
204	Peanut Xalqlar Dostligi		0001-01-01	215	14	\N	\N	\N	\N	Peanut Xalqlar Dostligi	 Xalqlar Dostligi	 Xalqlar Dostligi	Yer Yong'oq Xalqlar Dostligi
205	Pistachios Xalqlar Dostligi		0001-01-01	216	14	\N	\N	\N	\N	Pistachios Xalqlar Dostligi	  Xalqlar Dostligi	  Xalqlar Dostligi	Pista Xalqlar Dostligi
206	Cashews 'SAFO'		0001-01-01	217	14	\N	\N	\N	\N	Cashews 'SAFO'	  'SAFO'	  'SAFO'	Kaju  'SAFO'
207	Rice 'SARAH'		0001-01-01	218	18	\N	\N	\N	\N	Rice 'SARAH'	 'SARAH'	 'SARAH'	Guruch 'SARAH'
208	Mung bean		0001-01-01	219	18	\N	\N	\N	\N	Mung bean			Mosh
209	Pearl barley		0001-01-01	220	18	\N	\N	\N	\N	Pearl barley	 		Marvarid arpa
210	peas		0001-02-01	221	18	\N	\N	\N	\N	peas			no'xat
211	Beans		0001-01-01	222	18	\N	\N	\N	\N	Beans			Loviya
212	Lamb shoulder rack		0001-01-01	223	1	\N	\N	\N	\N	Lamb shoulder rack		  	QO'Y STEAK qovurg'a
213	Chicken Drumstick		0001-01-01	224	6	\N	\N	\N	\N	Chicken Drumstick		 	Tovuq boldir
\.


--
-- Data for Name: product_image; Type: TABLE DATA; Schema: public; Owner: username
--

COPY public.product_image (id, image, name, product_id, name_en, name_kr, name_ru, name_uz) FROM stdin;
106	images/pista_2.jpg	pista_pista 2.jpg	43	pista_pista 2.jpg	\N	\N	\N
107	images/pista_3_z3LK6mW.jpg	pista_pista 3.jpg	43	pista_pista 3.jpg	\N	\N	\N
108	images/plov.jpg	Polov_plov.jpg	45	Polov_plov.jpg	\N	\N	\N
109	images/plov2.jpg	Polov_plov2.jpg	45	Polov_plov2.jpg	\N	\N	\N
114	images/pis1.jpg	pista_pis1.jpg	44	pista_pis1.jpg	\N	\N	\N
115	images/piss_2.jpg	pista_piss 2.jpg	44	pista_piss 2.jpg	\N	\N	\N
116	images/shorva_2.jpg	Shorva_shorva 2.jpg	46	Shorva_shorva 2.jpg	\N	\N	\N
117	images/shorva_3.jpg	Shorva_shorva 3.jpg	46	Shorva_shorva 3.jpg	\N	\N	\N
118	images/spagetti_2.jpg	Spagetti_spagetti 2.jpg	47	Spagetti_spagetti 2.jpg	\N	\N	\N
119	images/spagetti.jpg	Spagetti_spagetti.jpg	47	Spagetti_spagetti.jpg	\N	\N	\N
120	images/spaghetti_2.jpg	 Spagetti_spaghetti 2.jpg	48	 Spagetti_spaghetti 2.jpg	\N	\N	\N
121	images/spaghetti.jpg	 Spagetti_spaghetti.jpg	48	 Spagetti_spaghetti.jpg	\N	\N	\N
122	images/garofalo.jpg	Garofalo spagetti_garofalo.jpg	49	Garofalo spagetti_garofalo.jpg	\N	\N	\N
123	images/ubelka.jpg	 spagetti_ubelka.jpg	50	 spagetti_ubelka.jpg	\N	\N	\N
21	images/Qoy_oldi_son_cowhqzp.jpg	qoy oldi son_Qoy oldi son.jpg	1	qoy oldi son_Qoy oldi son.jpg	\N	\N	\N
22	images/qiyma.jpg	Qoy Qiyma_qiyma.jpg	3	Qoy Qiyma_qiyma.jpg	\N	\N	\N
23	images/a21_U.jpg	s21 ultira_a21 U.jpg	2	s21 ultira_a21 U.jpg	\N	\N	\N
24	images/air_sss.jpg	Incheon-Toshkent-Incheon_air sss.jpg	7	Incheon-Toshkent-Incheon_air sss.jpg	\N	\N	\N
25	images/navv0t.jpg	Navvot_navv0t.jpg	9	Navvot_navv0t.jpg	\N	\N	\N
26	images/mars.jpg	Mars shokalad_mars.jpg	10	Mars shokalad_mars.jpg	\N	\N	\N
126	images/agnesi_2.jpg	AGNESI Spagetti_agnesi 2.jpg	52	AGNESI Spagetti_agnesi 2.jpg	\N	\N	\N
29	images/mol_quvurga.jpg	Mol quvurg'a_mol quvurg'a.jpg	13	Mol quvurg'a_mol quvurg'a.jpg	\N	\N	\N
30	images/qoy__boyin.jpg	QO'Y BO'YIN_qoy  boyin.jpg	14	QO'Y BO'YIN_qoy  boyin.jpg	\N	\N	\N
127	images/agnesi.jpg	AGNESI Spagetti_agnesi.jpg	52	AGNESI Spagetti_agnesi.jpg	\N	\N	\N
32	images/samarqand_non_dw9h9o2.jpg	Samarqand non_samarqand non.jpg	15	Samarqand non_samarqand non.jpg	\N	\N	\N
128	images/makfa_t.jpg	MAKFA Makaron_makfa t.jpg	53	MAKFA Makaron_makfa t.jpg	\N	\N	\N
34	images/moxito.jpg	Moxito_moxito.jpg	16	Moxito_moxito.jpg	\N	\N	\N
35	images/monsterblack.jpg	Monster  qora_monsterblack.jpg	17	Monster  qora_monsterblack.jpg	\N	\N	\N
36	images/monster_kok.jpg	Monster Mongo  ko'k_monster kok.jpg	18	Monster Mongo  ko'k_monster kok.jpg	\N	\N	\N
129	images/makiz_spagetti_2_cFJPZrh.jpg	MAKIZ spagetti_makiz spagetti 2.jpg	51	MAKIZ spagetti_makiz spagetti 2.jpg	\N	\N	\N
38	images/5_liter.jpg	Kungaboqar Yog'i 5 liter_5 liter.jpg	20	Kungaboqar Yog'i 5 liter_5 liter.jpg	\N	\N	\N
39	images/yog_3litr.jpg	Kungaboqar Yog'i 3 liter_yog' 3litr.jpg	21	Kungaboqar Yog'i 3 liter_yog' 3litr.jpg	\N	\N	\N
130	images/makiz_spagetti_c57kglw.jpg	MAKIZ spagetti_makiz spagetti.jpg	51	MAKIZ spagetti_makiz spagetti.jpg	\N	\N	\N
131	images/makfa_700g.jpg	MAKFA Makaron 700G_makfa 700g.jpg	54	MAKFA Makaron 700G_makfa 700g.jpg	\N	\N	\N
42	images/dena_so7RtE8.jpg	DENA GILOSLI_dena.jpg	19	DENA GILOSLI_dena.jpg	\N	\N	\N
43	images/baunty_-_.jpg	Baunty_baunty - .jpg	23	Baunty_baunty - .jpg	\N	\N	\N
44	images/metro.jpg	Mars_metro.jpg	24	Mars_metro.jpg	\N	\N	\N
45	images/kolbasa.jpg	Royal food 1kg_kolbasa.jpg	25	Royal food 1kg_kolbasa.jpg	\N	\N	\N
48	images/Halol_kolbasa_uKhHJ0v.jpg	Royal food_Halol kolbasa.jpg	26	Royal food_Halol kolbasa.jpg	\N	\N	\N
49	images/snickers.jpg	Snickers_snickers.jpg	27	Snickers_snickers.jpg	\N	\N	\N
50	images/qalbasassssss.jpg	DOKTORSKAYA_qalbasassssss.jpg	28	DOKTORSKAYA_qalbasassssss.jpg	\N	\N	\N
55	images/qalbasassssss_29SnNSG.jpg	DOKTORSKAYA_qalbasassssss.jpg	29	DOKTORSKAYA_qalbasassssss.jpg	\N	\N	\N
57	images/qalbasa_SFw4azt.jpg	Molochnaya_qalbasa.jpg	31	Molochnaya_qalbasa.jpg	\N	\N	\N
58	images/dddddddd.jpg	ELITNAYA_dddddddd.jpg	32	ELITNAYA_dddddddd.jpg	\N	\N	\N
60	images/LYUBITSKAYAS.jpg	LYUBITELSKAYA_LYUBITSKAYAS.jpg	33	LYUBITELSKAYA_LYUBITSKAYAS.jpg	\N	\N	\N
75	images/OLDI_SON_2.jpg	Mol oldi son_OLDI SON 2.jpg	36	Mol oldi son_OLDI SON 2.jpg	\N	\N	\N
76	images/OLDI_SON1.jpg	Mol oldi son_OLDI SON1.jpg	36	Mol oldi son_OLDI SON1.jpg	\N	\N	\N
78	images/ANCHOR_nLODMv0.jpg	Anchor sariyog_ANCHOR.jpg	37	Anchor sariyog_ANCHOR.jpg	\N	\N	\N
79	images/PICKLES.jpg	Tuzlangan bodring_PICKLES.jpg	38	Tuzlangan bodring_PICKLES.jpg	\N	\N	\N
80	images/TOMATO_2.jpg	Tuzlangan pomidor_TOMATO 2.jpg	39	Tuzlangan pomidor_TOMATO 2.jpg	\N	\N	\N
81	images/TOMATO_11.jpg	Tuzlangan pomidor_TOMATO 11.jpg	39	Tuzlangan pomidor_TOMATO 11.jpg	\N	\N	\N
86	images/lav_1.jpg	Qizil Loviya_lav 1.jpg	40	Qizil Loviya_lav 1.jpg	\N	\N	\N
87	images/lav2.jpg	Qizil Loviya_lav2.jpg	40	Qizil Loviya_lav2.jpg	\N	\N	\N
96	images/noxot_11_XA691RI.jpg	Noxot_noxot 11.jpg	41	Noxot_noxot 11.jpg	\N	\N	\N
97	images/noxot1_XujhdXP.jpg	Noxot_noxot1.jpg	41	Noxot_noxot1.jpg	\N	\N	\N
98	images/dudlama2.jpg	Mol goshti_dudlama2.jpg	42	Mol goshti_dudlama2.jpg	\N	\N	\N
99	images/dudlama11.jpg	Mol goshti_dudlama11.jpg	42	Mol goshti_dudlama11.jpg	\N	\N	\N
136	images/makfa_dd_euM87mS.jpg	MAKIZ Makaron_makfa dd.jpg	55	MAKIZ Makaron_makfa dd.jpg	\N	\N	\N
137	images/makfa_dd2_ZwlImAP.jpg	MAKIZ Makaron_makfa dd2.jpg	55	MAKIZ Makaron_makfa dd2.jpg	\N	\N	\N
138	images/MAKIZ_40000.jpg	MAKIZ Makaron 400g_MAKIZ 40000.jpg	56	MAKIZ Makaron 400g_MAKIZ 40000.jpg	\N	\N	\N
139	images/MAKIZ1111.jpg	MAKIZ Makaron_MAKIZ1111.jpg	57	MAKIZ Makaron_MAKIZ1111.jpg	\N	\N	\N
140	images/MAKIZ_22222.jpg	MAKIZ Makaron_MAKIZ 22222.jpg	57	MAKIZ Makaron_MAKIZ 22222.jpg	\N	\N	\N
141	images/SHILPILDOQ_1.jpg	MAKIZ Shilpildoq_SHILPILDOQ 1.jpg	58	MAKIZ Shilpildoq_SHILPILDOQ 1.jpg	\N	\N	\N
142	images/SHILPILDOQ_2.jpg	MAKIZ Shilpildoq_SHILPILDOQ 2.jpg	58	MAKIZ Shilpildoq_SHILPILDOQ 2.jpg	\N	\N	\N
143	images/MAKIZ_2345.jpg	MAKIZ Makaron_MAKIZ 2345.jpg	59	MAKIZ Makaron_MAKIZ 2345.jpg	\N	\N	\N
144	images/DDDDDDDDDD.jpg	MAKIZ prujina makaron 700G_DDDDDDDDDD.jpg	60	MAKIZ prujina makaron 700G_DDDDDDDDDD.jpg	\N	\N	\N
145	images/PPPPP_2.jpg	   _PPPPP 2.jpg	61	   _PPPPP 2.jpg	\N	\N	\N
146	images/PPPPPP_1.jpg	   _PPPPPP 1.jpg	61	   _PPPPPP 1.jpg	\N	\N	\N
147	images/shprot.jpg	Shprot RIGA GOLD 240g_shprot.jpg	62	Shprot RIGA GOLD 240g_shprot.jpg	\N	\N	\N
148	images/shprot_160g.jpg	Shprot RIGA GOLD 160g_shprot 160g.jpg	63	Shprot RIGA GOLD 160g_shprot 160g.jpg	\N	\N	\N
149	images/shprot_2.jpg	Shprot BRIVAIS VILINIS_shprot 2.jpg	64	Shprot BRIVAIS VILINIS_shprot 2.jpg	\N	\N	\N
150	images/shprot_11.jpg	Shprot BRIVAIS VILINIS_shprot 11.jpg	64	Shprot BRIVAIS VILINIS_shprot 11.jpg	\N	\N	\N
151	images/shprot_11111.jpg	Dudlangan shprot_shprot 11111.jpg	65	Dudlangan shprot_shprot 11111.jpg	\N	\N	\N
152	images/shprot_33333.jpg	Dudlangan shprot_shprot 33333.jpg	65	Dudlangan shprot_shprot 33333.jpg	\N	\N	\N
153	images/santa_bremor.jpg	Santa Bremor_santa bremor.jpg	66	Santa Bremor_santa bremor.jpg	\N	\N	\N
154	images/uyalar.jpg	Makfa uyalar_uyalar.jpg	67	Makfa uyalar_uyalar.jpg	\N	\N	\N
155	images/bodring_22.jpg	Tuzlama bodring_bodring 22.jpg	68	Tuzlama bodring_bodring 22.jpg	\N	\N	\N
156	images/bodring_222.jpg	Tuzlama bodring_bodring 222.jpg	68	Tuzlama bodring_bodring 222.jpg	\N	\N	\N
157	images/t_bodring_2.jpg	Tuzlama bodring 1L_t bodring 2.jpg	69	Tuzlama bodring 1L_t bodring 2.jpg	\N	\N	\N
158	images/t_bodring.jpg	Tuzlama bodring 1L_t bodring.jpg	69	Tuzlama bodring 1L_t bodring.jpg	\N	\N	\N
159	images/baqlajon_2.jpg	Baqlajon salat_baqlajon 2.jpg	70	Baqlajon salat_baqlajon 2.jpg	\N	\N	\N
160	images/baqlajon.jpg	Baqlajon salat_baqlajon.jpg	70	Baqlajon salat_baqlajon.jpg	\N	\N	\N
161	images/cucumber_2.jpg	Bodring va pamidor_cucumber 2.jpg	71	Bodring va pamidor_cucumber 2.jpg	\N	\N	\N
162	images/cucumber.jpg	Bodring va pamidor_cucumber.jpg	71	Bodring va pamidor_cucumber.jpg	\N	\N	\N
165	images/adjika.jpg	Adjika qalampir_adjika.jpg	72	Adjika qalampir_adjika.jpg	\N	\N	\N
166	images/adjikcha.jpg	Adjika qalampir_adjikcha.jpg	72	Adjika qalampir_adjikcha.jpg	\N	\N	\N
167	images/bodring_2.jpg	Tuzlama bodring_bodring 2.jpg	73	Tuzlama bodring_bodring 2.jpg	\N	\N	\N
168	images/bodring.jpg	Tuzlama bodring_bodring.jpg	73	Tuzlama bodring_bodring.jpg	\N	\N	\N
169	images/asorte__2.jpg	Asarti_asorte  2.jpg	74	Asarti_asorte  2.jpg	\N	\N	\N
170	images/asorte_2.jpg	Asarti_asorte 2.jpg	74	Asarti_asorte 2.jpg	\N	\N	\N
171	images/qovoq_2.jpg	Qovoq pyuresi_qovoq 2.jpg	75	Qovoq pyuresi_qovoq 2.jpg	\N	\N	\N
172	images/qovoq.jpg	Qovoq pyuresi_qovoq.jpg	75	Qovoq pyuresi_qovoq.jpg	\N	\N	\N
173	images/bodring......jpg	BURCU Tuzlama bodring_bodring......jpg	76	BURCU Tuzlama bodring_bodring......jpg	\N	\N	\N
174	images/bodring.....jpg	BURCU Tuzlama bodring_bodring.....jpg	76	BURCU Tuzlama bodring_bodring.....jpg	\N	\N	\N
175	images/qalampir_2.jpg	achchiq qalampir_qalampir 2.jpg	77	achchiq qalampir_qalampir 2.jpg	\N	\N	\N
176	images/qalampir.jpg	achchiq qalampir_qalampir.jpg	77	achchiq qalampir_qalampir.jpg	\N	\N	\N
177	images/jalapino_2.jpg	Jalapeno_jalapino 2.jpg	78	Jalapeno_jalapino 2.jpg	\N	\N	\N
178	images/jalapino.jpg	Jalapeno_jalapino.jpg	78	Jalapeno_jalapino.jpg	\N	\N	\N
179	images/tamat_2.jpg	Lecho_tamat 2.jpg	79	Lecho_tamat 2.jpg	\N	\N	\N
180	images/tamat.jpg	Lecho_tamat.jpg	79	Lecho_tamat.jpg	\N	\N	\N
181	images/anchor_2.jpg	Anchor_anchor 2.jpg	80	Anchor_anchor 2.jpg	\N	\N	\N
182	images/anchor.jpg	Anchor_anchor.jpg	80	Anchor_anchor.jpg	\N	\N	\N
183	images/president.jpg	President  400g_president.jpg	81	President  400g_president.jpg	\N	\N	\N
184	images/present....jpg	President_present....jpg	82	President_present....jpg	\N	\N	\N
185	images/svalya_400g.jpg	Svalya 400g_svalya 400g.jpg	83	Svalya 400g_svalya 400g.jpg	\N	\N	\N
186	images/svalya_2.jpg	Svalya 200g_svalya 2.jpg	84	Svalya 200g_svalya 2.jpg	\N	\N	\N
187	images/svalya.jpg	Svalya 200g_svalya.jpg	84	Svalya 200g_svalya.jpg	\N	\N	\N
188	images/kirkland.jpg	KIRKLAND_kirkland.jpg	85	KIRKLAND_kirkland.jpg	\N	\N	\N
189	images/maslo.jpg	MASLO_maslo.jpg	86	MASLO_maslo.jpg	\N	\N	\N
190	images/feta.jpg	Grekcha Feta_feta.jpg	87	Grekcha Feta_feta.jpg	\N	\N	\N
192	images/pishloq_2.jpg	Pishloq_pishloq 2.jpg	89	Pishloq_pishloq 2.jpg	\N	\N	\N
193	images/pishloq.jpg	Pishloq_pishloq.jpg	89	Pishloq_pishloq.jpg	\N	\N	\N
194	images/kaimak_2.jpg	Kaimak_kaimak 2.jpg	90	Kaimak_kaimak 2.jpg	\N	\N	\N
195	images/kaimak.jpg	Kaimak_kaimak.jpg	90	Kaimak_kaimak.jpg	\N	\N	\N
196	images/qatiq_2.jpg	Uy qatiqi_qatiq 2.jpg	88	Uy qatiqi_qatiq 2.jpg	\N	\N	\N
197	images/qatiq.jpg	Uy qatiqi_qatiq.jpg	88	Uy qatiqi_qatiq.jpg	\N	\N	\N
198	images/a_24_2.jpg	A 24 green_a 24 2.jpg	91	A 24 green_a 24 2.jpg	\N	\N	\N
199	images/a_24.jpg	A 24 green_a 24.jpg	91	A 24 green_a 24.jpg	\N	\N	\N
200	images/iphone_15_pro_max_22.jpg	Iphone 15 pro max_iphone 15 pro max 22.jpg	92	Iphone 15 pro max_iphone 15 pro max 22.jpg	\N	\N	\N
201	images/iphone_15_pro_max.jpg	Iphone 15 pro max_iphone 15 pro max.jpg	92	Iphone 15 pro max_iphone 15 pro max.jpg	\N	\N	\N
202	images/watch_2.jpg	GALAXY WATCH 6  LTE 40mm_watch 2.jpg	93	GALAXY WATCH 6  LTE 40mm_watch 2.jpg	\N	\N	\N
203	images/watch_3.jpg	GALAXY WATCH 6  LTE 40mm_watch 3.jpg	93	GALAXY WATCH 6  LTE 40mm_watch 3.jpg	\N	\N	\N
204	images/watch.jpg	GALAXY WATCH 6  LTE 40mm_watch.jpg	93	GALAXY WATCH 6  LTE 40mm_watch.jpg	\N	\N	\N
205	images/yellow_2.jpg	GALAXY WATCH 6  LTE 40mm_yellow 2.jpg	94	GALAXY WATCH 6  LTE 40mm_yellow 2.jpg	\N	\N	\N
206	images/yellow_3.jpg	GALAXY WATCH 6  LTE 40mm_yellow 3.jpg	94	GALAXY WATCH 6  LTE 40mm_yellow 3.jpg	\N	\N	\N
207	images/yellow.jpg	GALAXY WATCH 6  LTE 40mm_yellow.jpg	94	GALAXY WATCH 6  LTE 40mm_yellow.jpg	\N	\N	\N
208	images/watcht_2.jpg	GALAXY WATCH 6  LTE 44mm_watcht 2.jpg	95	GALAXY WATCH 6  LTE 44mm_watcht 2.jpg	\N	\N	\N
209	images/watcht_3.jpg	GALAXY WATCH 6  LTE 44mm_watcht 3.jpg	95	GALAXY WATCH 6  LTE 44mm_watcht 3.jpg	\N	\N	\N
210	images/watcht.jpg	GALAXY WATCH 6  LTE 44mm_watcht.jpg	95	GALAXY WATCH 6  LTE 44mm_watcht.jpg	\N	\N	\N
211	images/qaymoq.jpg	Qaymoq_qaymoq.jpg	96	Qaymoq_qaymoq.jpg	\N	\N	\N
212	images/millac.jpg	Millac Qaymoq_millac.jpg	97	Millac Qaymoq_millac.jpg	\N	\N	\N
213	images/qulupnay.jpg	UzKand Qulupnay_qulupnay.jpg	98	UzKand Qulupnay_qulupnay.jpg	\N	\N	\N
214	images/malina_2.jpg	UzKand Malina_malina 2.jpg	99	UzKand Malina_malina 2.jpg	\N	\N	\N
215	images/malina.jpg	UzKand Malina_malina.jpg	99	UzKand Malina_malina.jpg	\N	\N	\N
216	images/gilos.jpg	UzKand Gilos_gilos.jpg	100	UzKand Gilos_gilos.jpg	\N	\N	\N
217	images/adjika_PIkVTTa.jpg	UzKand Adjika_adjika.jpg	101	UzKand Adjika_adjika.jpg	\N	\N	\N
218	images/olma_2.jpg	UzKand Olma_olma 2.jpg	102	UzKand Olma_olma 2.jpg	\N	\N	\N
219	images/olma.jpg	UzKand Olma_olma.jpg	102	UzKand Olma_olma.jpg	\N	\N	\N
220	images/orik.jpg	UzKand Orik_orik.jpg	103	UzKand Orik_orik.jpg	\N	\N	\N
221	images/behi.jpg	UzKand Behi_behi.jpg	104	UzKand Behi_behi.jpg	\N	\N	\N
222	images/black_tea_100.jpg	Greenfield Qora choy_black tea 100.jpg	105	Greenfield Qora choy_black tea 100.jpg	\N	\N	\N
224	images/black_tea_25_k.jpg	Greenfield Qora choy 25_black tea 25 k.jpg	106	Greenfield Qora choy 25_black tea 25 k.jpg	\N	\N	\N
225	images/black_tea_25.jpg	Greenfield Qora choy 25_black tea 25.jpg	106	Greenfield Qora choy 25_black tea 25.jpg	\N	\N	\N
226	images/black_tea_900.jpg	Greenfield Qora choy_black tea 900.jpg	107	Greenfield Qora choy_black tea 900.jpg	\N	\N	\N
227	images/richard_2.jpg	RICHARD  Qora choy_richard 2.jpg	108	RICHARD  Qora choy_richard 2.jpg	\N	\N	\N
228	images/richard_100.jpg	RICHARD  Qora choy 100_richard 100.jpg	109	RICHARD  Qora choy 100_richard 100.jpg	\N	\N	\N
229	images/ahmad_tea.jpg	AHMAD TEA Qora choy_ahmad tea.jpg	110	AHMAD TEA Qora choy_ahmad tea.jpg	\N	\N	\N
230	images/ahmad_tea_2.jpg	AHMAD TEA Qora choy_ahmad tea 2.jpg	111	AHMAD TEA Qora choy_ahmad tea 2.jpg	\N	\N	\N
233	images/ahmad_qulup_3.jpg	AHMAD TEA Qulupnay_ahmad qulup 3.jpg	112	AHMAD TEA Qulupnay_ahmad qulup 3.jpg	\N	\N	\N
234	images/ahmad_qulup.jpg	AHMAD TEA Qulupnay_ahmad qulup.jpg	112	AHMAD TEA Qulupnay_ahmad qulup.jpg	\N	\N	\N
235	images/ahmad_qulupp.jpg	AHMAD TEA Qulupnay_ahmad qulupp.jpg	112	AHMAD TEA Qulupnay_ahmad qulupp.jpg	\N	\N	\N
236	images/toza.jpg	 Kok choy_toza.jpg	113	 Kok choy_toza.jpg	\N	\N	\N
237	images/bliss_cherry.jpg	Bliss gilos_bliss cherry.jpg	114	Bliss gilos_bliss cherry.jpg	\N	\N	\N
238	images/bliss_olma.jpg	Bliss Olma_bliss olma.jpg	115	Bliss Olma_bliss olma.jpg	\N	\N	\N
239	images/bliss_apelsin.jpg	Bliss Apelsin_bliss apelsin.jpg	116	Bliss Apelsin_bliss apelsin.jpg	\N	\N	\N
240	images/bliss_qulupnay.jpg	Bliss Qulupnay_bliss qulupnay.jpg	117	Bliss Qulupnay_bliss qulupnay.jpg	\N	\N	\N
241	images/bliss_qizil_olma.jpg	Bliss olma_bliss qizil olma.jpg	118	Bliss olma_bliss qizil olma.jpg	\N	\N	\N
242	images/bliss_anor.jpg	Bliss Anor_bliss anor.jpg	119	Bliss Anor_bliss anor.jpg	\N	\N	\N
243	images/bliss_ananas.jpg	Bliss ananas_bliss ananas.jpg	120	Bliss ananas_bliss ananas.jpg	\N	\N	\N
244	images/bliss_mix.jpg	  mix_bliss mix.jpg	121	  mix_bliss mix.jpg	\N	\N	\N
245	images/olcha.jpg	  Gilos_olcha.jpg	122	  Gilos_olcha.jpg	\N	\N	\N
246	images/apelsin.jpg	  apelsin_apelsin.jpg	123	  apelsin_apelsin.jpg	\N	\N	\N
247	images/anor.jpg	  Anor_anor.jpg	124	  Anor_anor.jpg	\N	\N	\N
248	images/mix.jpg	  mix_mix.jpg	125	  mix_mix.jpg	\N	\N	\N
249	images/dena_olma.jpg	DENA Olma_dena olma.jpg	126	DENA Olma_dena olma.jpg	\N	\N	\N
250	images/dena_behi.jpg	DENA Behi_dena behi.jpg	127	DENA Behi_dena behi.jpg	\N	\N	\N
251	images/dena_shaptoli.jpg	DENA Shaptoli_dena shaptoli.jpg	128	DENA Shaptoli_dena shaptoli.jpg	\N	\N	\N
252	images/dena_cherry_2.jpg	DENA Gilos_dena cherry 2.jpg	129	DENA Gilos_dena cherry 2.jpg	\N	\N	\N
253	images/dena_cherry.jpg	DENA Gilos_dena cherry.jpg	129	DENA Gilos_dena cherry.jpg	\N	\N	\N
254	images/dena_ananas_2.jpg	DENA Ananas_dena ananas 2.jpg	130	DENA Ananas_dena ananas 2.jpg	\N	\N	\N
255	images/dena_ananas.jpg	DENA Ananas_dena ananas.jpg	130	DENA Ananas_dena ananas.jpg	\N	\N	\N
256	images/dena_mix.jpg	DENA Olma-olxo'ri-gilos_dena mix.jpg	131	DENA Olma-olxo'ri-gilos_dena mix.jpg	\N	\N	\N
257	images/dena_mix_2.jpg	DENA Mix_dena mix 2.jpg	132	DENA Mix_dena mix 2.jpg	\N	\N	\N
258	images/dena_pamidor_2.jpg	DENA pamidor_dena pamidor 2.jpg	133	DENA pamidor_dena pamidor 2.jpg	\N	\N	\N
259	images/dena_pamidor.jpg	DENA pamidor_dena pamidor.jpg	133	DENA pamidor_dena pamidor.jpg	\N	\N	\N
260	images/ramashka.jpg	Romashka_ramashka.jpg	134	Romashka_ramashka.jpg	\N	\N	\N
261	images/tess_2.jpg	Blueberry qora choy_tess 2.jpg	135	Blueberry qora choy_tess 2.jpg	\N	\N	\N
262	images/tess.jpg	Blueberry qora choy_tess.jpg	135	Blueberry qora choy_tess.jpg	\N	\N	\N
263	images/berry_2.jpg	Berry qora choy_berry 2.jpg	136	Berry qora choy_berry 2.jpg	\N	\N	\N
264	images/berry.jpg	Berry qora choy_berry.jpg	136	Berry qora choy_berry.jpg	\N	\N	\N
265	images/caramel.jpg	Karamel qora choy_caramel.jpg	137	Karamel qora choy_caramel.jpg	\N	\N	\N
266	images/tess_m.jpg	TESS_tess m.jpg	138	TESS_tess m.jpg	\N	\N	\N
267	images/akbar_2.jpg	AKBAR choy_akbar 2.jpg	139	AKBAR choy_akbar 2.jpg	\N	\N	\N
268	images/akbar.jpg	AKBAR choy_akbar.jpg	139	AKBAR choy_akbar.jpg	\N	\N	\N
269	images/liptin_2.jpg	LIPTON choy_liptin 2.jpg	140	LIPTON choy_liptin 2.jpg	\N	\N	\N
270	images/liptin.jpg	LIPTON choy_liptin.jpg	140	LIPTON choy_liptin.jpg	\N	\N	\N
271	images/vital.jpg	VITAL choy_vital.jpg	141	VITAL choy_vital.jpg	\N	\N	\N
272	images/pilov.jpg	  _pilov.jpg	142	  _pilov.jpg	\N	\N	\N
273	images/lagmon.jpg	Lagman uchun ziravor_lagmon.jpg	143	Lagman uchun ziravor_lagmon.jpg	\N	\N	\N
274	images/universal.jpg	Universal ziravorlar_universal.jpg	144	Universal ziravorlar_universal.jpg	\N	\N	\N
275	images/gosht_uchun.jpg	Go'sht uchun ziravor_gosht uchun.jpg	145	Go'sht uchun ziravor_gosht uchun.jpg	\N	\N	\N
276	images/shorva.jpg	Shorva uchun ziravor_shorva.jpg	146	Shorva uchun ziravor_shorva.jpg	\N	\N	\N
277	images/shashlik.jpg	Shashlik uchun ziravor_shashlik.jpg	147	Shashlik uchun ziravor_shashlik.jpg	\N	\N	\N
278	images/tovuq.jpg	Tovuq  goshti uchun ziravor_tovuq.jpg	148	Tovuq  goshti uchun ziravor_tovuq.jpg	\N	\N	\N
279	images/qalampir_2_W0kyjoH.jpg	Qalapmir_qalampir 2.jpg	149	Qalapmir_qalampir 2.jpg	\N	\N	\N
280	images/qalampir_1cWywRe.jpg	Qalapmir_qalampir.jpg	149	Qalapmir_qalampir.jpg	\N	\N	\N
281	images/qizil_2.jpg	Qizil qalampir_qizil 2.jpg	150	Qizil qalampir_qizil 2.jpg	\N	\N	\N
282	images/qizil.jpg	Qizil qalampir_qizil.jpg	150	Qizil qalampir_qizil.jpg	\N	\N	\N
283	images/coriander_2.jpg	Koriander_coriander 2.jpg	151	Koriander_coriander 2.jpg	\N	\N	\N
284	images/coriander.jpg	Koriander_coriander.jpg	151	Koriander_coriander.jpg	\N	\N	\N
287	images/qora_2.jpg	Qora qalampir_qora 2.jpg	153	Qora qalampir_qora 2.jpg	\N	\N	\N
288	images/qora.jpg	Qora qalampir_qora.jpg	153	Qora qalampir_qora.jpg	\N	\N	\N
289	images/ukrop_2.jpg	Dereotu Ukrop_ukrop 2.jpg	154	Dereotu Ukrop_ukrop 2.jpg	\N	\N	\N
290	images/ukrop.jpg	Dereotu Ukrop_ukrop.jpg	154	Dereotu Ukrop_ukrop.jpg	\N	\N	\N
291	images/qizil_qalampir_2.jpg	Qizil qalampir_qizil qalampir 2.jpg	155	Qizil qalampir_qizil qalampir 2.jpg	\N	\N	\N
292	images/qizil_qalampir.jpg	Qizil qalampir_qizil qalampir.jpg	155	Qizil qalampir_qizil qalampir.jpg	\N	\N	\N
293	images/joon_2.jpg	Qora Murch urugi_joon 2.jpg	156	Qora Murch urugi_joon 2.jpg	\N	\N	\N
294	images/joon.jpg	Qora Murch urugi_joon.jpg	156	Qora Murch urugi_joon.jpg	\N	\N	\N
295	images/hash_2.jpg	Maydalangan Kashinich urugi_hash 2.jpg	157	Maydalangan Kashinich urugi_hash 2.jpg	\N	\N	\N
296	images/hash.jpg	Maydalangan Kashinich urugi_hash.jpg	157	Maydalangan Kashinich urugi_hash.jpg	\N	\N	\N
297	images/daddd_2.jpg	Kashinich Urugi_daddd 2.jpg	158	Kashinich Urugi_daddd 2.jpg	\N	\N	\N
298	images/daddd.jpg	Kashinich Urugi_daddd.jpg	158	Kashinich Urugi_daddd.jpg	\N	\N	\N
299	images/zira_2.jpg	Zira_zira 2.jpg	152	Zira_zira 2.jpg	\N	\N	\N
300	images/zira.jpg	Zira_zira.jpg	152	Zira_zira.jpg	\N	\N	\N
301	images/noxot.jpg	BURCU No'xat_noxot.jpg	159	BURCU No'xat_noxot.jpg	\N	\N	\N
302	images/noxot_2_kcS81jU.jpg	Bonduelle No'xat_noxot 2.jpg	160	Bonduelle No'xat_noxot 2.jpg	\N	\N	\N
303	images/sweet_corn_2.jpg	Shirin bodroq_sweet corn 2.jpg	161	Shirin bodroq_sweet corn 2.jpg	\N	\N	\N
304	images/sweet_corn.jpg	Shirin bodroq_sweet corn.jpg	161	Shirin bodroq_sweet corn.jpg	\N	\N	\N
305	images/noxot_w.jpg	Qaynatilgan no'xat_noxot w.jpg	162	Qaynatilgan no'xat_noxot w.jpg	\N	\N	\N
308	images/zaytun.jpg	Qora zaytun_zaytun.jpg	164	Qora zaytun_zaytun.jpg	\N	\N	\N
309	images/veres.jpg	Shirin bodroq_veres.jpg	163	Shirin bodroq_veres.jpg	\N	\N	\N
310	images/dudlangan.jpg	Dudlangan mol goshti_dudlangan.jpg	165	Dudlangan mol goshti_dudlangan.jpg	\N	\N	\N
311	images/dud_2.jpg	KANONADA Dudlangan mol goshti_dud 2.jpg	166	KANONADA Dudlangan mol goshti_dud 2.jpg	\N	\N	\N
312	images/dud.jpg	KANONADA Dudlangan mol goshti_dud.jpg	166	KANONADA Dudlangan mol goshti_dud.jpg	\N	\N	\N
313	images/hummuan.jpg	HOMMOUS TAHINI_hummuan.jpg	167	HOMMOUS TAHINI_hummuan.jpg	\N	\N	\N
314	images/moshkishri_2.jpg	MOSHKICHKI_moshkishri 2.jpg	168	MOSHKICHKI_moshkishri 2.jpg	\N	\N	\N
315	images/moshkishri.jpg	MOSHKICHKI_moshkishri.jpg	168	MOSHKICHKI_moshkishri.jpg	\N	\N	\N
316	images/shorva_ODsWJlX.jpg	Qoy goshtli sho'rva_shorva.jpg	169	Qoy goshtli sho'rva_shorva.jpg	\N	\N	\N
317	images/galabsi.jpg	Karamli Galubsi_galabsi.jpg	170	Karamli Galubsi_galabsi.jpg	\N	\N	\N
318	images/qoy_gosht.jpg	Qoy goshti_qoy gosht.jpg	171	Qoy goshti_qoy gosht.jpg	\N	\N	\N
319	images/palov.jpg	Palov_palov.jpg	172	Palov_palov.jpg	\N	\N	\N
320	images/biber_dolma.jpg	Biber Dolma_biber dolma.jpg	173	Biber Dolma_biber dolma.jpg	\N	\N	\N
321	images/dimlama.jpg	DIMLAMA_dimlama.jpg	174	DIMLAMA_dimlama.jpg	\N	\N	\N
322	images/spagetti_rO5Aun4.jpg	Spagetti_spagetti.jpg	175	Spagetti_spagetti.jpg	\N	\N	\N
323	images/pearl.jpg	_pearl.jpg	176	_pearl.jpg	\N	\N	\N
324	images/grechka_2.jpg	Grechka_grechka 2.jpg	177	Grechka_grechka 2.jpg	\N	\N	\N
325	images/grechka.jpg	Grechka_grechka.jpg	177	Grechka_grechka.jpg	\N	\N	\N
326	images/galapsi.jpg	Galubsi_galapsi.jpg	178	Galubsi_galapsi.jpg	\N	\N	\N
327	images/sariyog.jpg	Sariyog_sariyog.jpg	179	Sariyog_sariyog.jpg	\N	\N	\N
328	images/la_venis_2.jpg	La Sevillana_la venis 2.jpg	180	La Sevillana_la venis 2.jpg	\N	\N	\N
329	images/la_venis.jpg	La Sevillana_la venis.jpg	180	La Sevillana_la venis.jpg	\N	\N	\N
330	images/mario.jpg	Qora Hojiblanka zaytun mevalari_mario.jpg	181	Qora Hojiblanka zaytun mevalari_mario.jpg	\N	\N	\N
331	images/mario_ispan.jpg	Ispancha Hojiblanca zaytunlari_mario ispan.jpg	182	Ispancha Hojiblanca zaytunlari_mario ispan.jpg	\N	\N	\N
332	images/coca_cola_2.jpg	Coca-cola 1.25 g_coca cola 2.jpg	183	Coca-cola 1.25 g_coca cola 2.jpg	\N	\N	\N
333	images/cola_cola.jpg	Coca-cola 1.25 g_cola cola.jpg	183	Coca-cola 1.25 g_cola cola.jpg	\N	\N	\N
334	images/cola_2.jpg	Coca-cola 2L_cola 2;.jpg	184	Coca-cola 2L_cola 2;.jpg	\N	\N	\N
337	images/laxm_2_u5EOLIO.jpg	Mol Laxm_laxm 2.jpg	185	Mol Laxm_laxm 2.jpg	\N	\N	\N
338	images/laxm_3.jpg	Mol Laxm_laxm 3.jpg	185	Mol Laxm_laxm 3.jpg	\N	\N	\N
339	images/laxm_nJrrPBo.jpg	Mol Laxm_laxm.jpg	185	Mol Laxm_laxm.jpg	\N	\N	\N
343	images/boyin_2.jpg	Mol boyin_boyin 2.jpg	34	Mol boyin_boyin 2.jpg	\N	\N	\N
344	images/boyin.jpg	Mol boyin_boyin.jpg	34	Mol boyin_boyin.jpg	\N	\N	\N
345	images/qiyma_2.jpg	Mol qiyma_qiyma 2.jpg	186	Mol qiyma_qiyma 2.jpg	\N	\N	\N
346	images/qiymqa.jpg	Mol qiyma_qiymqa.jpg	186	Mol qiyma_qiymqa.jpg	\N	\N	\N
347	images/tuyoq_2.jpg	Mol tuyoq_tuyoq 2.jpg	187	Mol tuyoq_tuyoq 2.jpg	\N	\N	\N
348	images/tuyoq.jpg	Mol tuyoq_tuyoq.jpg	187	Mol tuyoq_tuyoq.jpg	\N	\N	\N
349	images/butun_tovuq.jpg	Seara Butun tovuq_butun tovuq.jpg	188	Seara Butun tovuq_butun tovuq.jpg	\N	\N	\N
350	images/chicken_2.jpg	Seara kokrak laxm terisiz_chicken 2.jpg	189	Seara kokrak laxm terisiz_chicken 2.jpg	\N	\N	\N
351	images/chicken.jpg	Seara kokrak laxm terisiz_chicken.jpg	189	Seara kokrak laxm terisiz_chicken.jpg	\N	\N	\N
352	images/bello.jpg	Suyaksiz muzlatilgan tovuq sonlari_bello.jpg	190	Suyaksiz muzlatilgan tovuq sonlari_bello.jpg	\N	\N	\N
353	images/coca_2.jpg	Coca-cola_coca 2.jpg	191	Coca-cola_coca 2.jpg	\N	\N	\N
354	images/coca.jpg	Coca-cola_coca.jpg	191	Coca-cola_coca.jpg	\N	\N	\N
355	images/cola_0.5.jpg	Coca-cola 0.5g_cola 0.5.jpg	192	Coca-cola 0.5g_cola 0.5.jpg	\N	\N	\N
356	images/cola_1.25.jpg	Coca-cola 1.25g_cola 1.25.jpg	193	Coca-cola 1.25g_cola 1.25.jpg	\N	\N	\N
357	images/sabzi.jpg	Korea sabzi ziravorlari_sabzi.jpg	194	Korea sabzi ziravorlari_sabzi.jpg	\N	\N	\N
358	images/gosht.jpg	Go'sht uchun ziravorlar_gosht.jpg	195	Go'sht uchun ziravorlar_gosht.jpg	\N	\N	\N
363	images/mol_jigar_2_hqzdOe6.jpg	Mol jigar_mol jigar 2.jpg	198	Mol jigar_mol jigar 2.jpg	\N	\N	\N
364	images/mol_jigar_B8D99LX.jpg	Mol jigar_mol jigar.jpg	198	Mol jigar_mol jigar.jpg	\N	\N	\N
365	images/mol_parrak.jpg	Mol parrak_mol parrak.jpg	197	Mol parrak_mol parrak.jpg	\N	\N	\N
366	images/mol_qorin.jpg	Mol qorin_mol qorin.jpg	196	Mol qorin_mol qorin.jpg	\N	\N	\N
367	images/qoy_tuyoq.jpg	Qo'y tuyoq_qoy tuyoq.jpg	199	Qo'y tuyoq_qoy tuyoq.jpg	\N	\N	\N
368	images/qoy_umurtqa.jpg	Qo'y umurtqa_qoy umurtqa.jpg	200	Qo'y umurtqa_qoy umurtqa.jpg	\N	\N	\N
369	images/qoy_ilig_suyag.jpg	Qo'y ilig suyag_qoy ilig suyag.jpg	201	Qo'y ilig suyag_qoy ilig suyag.jpg	\N	\N	\N
370	images/mol_dum_2.jpg	Mol dum_mol dum 2.jpg	202	Mol dum_mol dum 2.jpg	\N	\N	\N
371	images/mol_dum.jpg	Mol dum_mol dum.jpg	202	Mol dum_mol dum.jpg	\N	\N	\N
372	images/qoy_dumba.jpg	Qo'y dumba_qoy dumba.jpg	203	Qo'y dumba_qoy dumba.jpg	\N	\N	\N
373	images/qoy_jigar.jpg	Qo'y jigar_qoy jigar.jpg	204	Qo'y jigar_qoy jigar.jpg	\N	\N	\N
374	images/qoy_yelka.jpg	Qoy yelka_qoy yelka.jpg	205	Qoy yelka_qoy yelka.jpg	\N	\N	\N
375	images/qoy_orqa_son.jpg	Qoy orqa sonv_qoy orqa son.jpg	206	Qoy orqa sonv_qoy orqa son.jpg	\N	\N	\N
376	images/qoy_setka.jpg	Qoy sekta laxm_qoy setka.jpg	207	Qoy sekta laxm_qoy setka.jpg	\N	\N	\N
377	images/orqa_son_AR6aRwa.jpg	Mol orqa son_orqa son.jpg	35	Mol orqa son_orqa son.jpg	\N	\N	\N
378	images/pista_2_uTnrxTE.jpg	Pista_pista 2.jpg	208	Pista_pista 2.jpg	\N	\N	\N
379	images/pista_3_XeYskIQ.jpg	Pista_pista 3.jpg	208	Pista_pista 3.jpg	\N	\N	\N
380	images/pista_hH043gH.jpg	Pista_pista.jpg	208	Pista_pista.jpg	\N	\N	\N
381	images/bodom.jpg	Bodom_bodom.jpg	209	Bodom_bodom.jpg	\N	\N	\N
382	images/bodom_2.jpg	Bodom_bodom 2.jpg	210	Bodom_bodom 2.jpg	\N	\N	\N
383	images/kaju_2.jpg	Kaju (tuzli)_kaju 2.jpg	211	Kaju (tuzli)_kaju 2.jpg	\N	\N	\N
384	images/kaju.jpg	Kaju (tuzli)_kaju.jpg	211	Kaju (tuzli)_kaju.jpg	\N	\N	\N
385	images/kajuu_2.jpg	Kaju_kajuu 2.jpg	212	Kaju_kajuu 2.jpg	\N	\N	\N
386	images/kajuu.jpg	Kaju_kajuu.jpg	212	Kaju_kajuu.jpg	\N	\N	\N
387	images/bodomm.jpg	Bodom Xalqlar Dostligi_bodomm.jpg	213	Bodom Xalqlar Dostligi_bodomm.jpg	\N	\N	\N
388	images/yongon.jpg	Yong'oq Xalqlar Dostligi_yong'on.jpg	214	Yong'oq Xalqlar Dostligi_yong'on.jpg	\N	\N	\N
389	images/peanut.jpg	Yer Yong'oq_peanut.jpg	215	Yer Yong'oq_peanut.jpg	\N	\N	\N
390	images/pistachios.jpg	Pista Xalqlar Dostligi_pistachios.jpg	216	Pista Xalqlar Dostligi_pistachios.jpg	\N	\N	\N
391	images/kajuuuu.jpg	Kaju  'SAFO'_kajuuuu.jpg	217	Kaju  'SAFO'_kajuuuu.jpg	\N	\N	\N
392	images/rice.jpg	Guruch 'SARAH'_rice.jpg	218	Guruch 'SARAH'_rice.jpg	\N	\N	\N
393	images/mash.jpg	Mosh_mash.jpg	219	Mosh_mash.jpg	\N	\N	\N
394	images/arpa.jpg	Marvarid arpa_arpa.jpg	220	Marvarid arpa_arpa.jpg	\N	\N	\N
395	images/noxot_H4d7QCY.jpg	no'xat_noxot.jpg	221	no'xat_noxot.jpg	\N	\N	\N
396	images/loviya.jpg	Loviya_loviya.jpg	222	Loviya_loviya.jpg	\N	\N	\N
397	images/qoy_steak_1.jpg	QO'Y STEAK qovurg'a_qoy steak 1.jpg	223	QO'Y STEAK qovurg'a_qoy steak 1.jpg	\N	\N	\N
398	images/qoy_steak_2.jpg	QO'Y STEAK qovurg'a_qoy steak 2.jpg	223	QO'Y STEAK qovurg'a_qoy steak 2.jpg	\N	\N	\N
399	images/qoy_steak_3.jpg	QO'Y STEAK qovurg'a_qoy steak 3.jpg	223	QO'Y STEAK qovurg'a_qoy steak 3.jpg	\N	\N	\N
404	images/oyoq_tovuq_2.jpg	Tovuq oyoqchalari_oyoq tovuq 2.jpg	12	Tovuq oyoqchalari_oyoq tovuq 2.jpg	\N	\N	\N
405	images/oyoq_tovuq_AjaW0bt.jpg	Tovuq oyoqchalari_oyoq tovuq.jpg	12	Tovuq oyoqchalari_oyoq tovuq.jpg	\N	\N	\N
406	images/tovuq_boldir.jpg	Tovuq boldir_tovuq boldir.jpg	224	Tovuq boldir_tovuq boldir.jpg	\N	\N	\N
\.


--
-- Data for Name: product_phone; Type: TABLE DATA; Schema: public; Owner: username
--

COPY public.product_phone (id, color, condition, model_name, ram, storage, category_id, product_id, model_name_en, model_name_kr, model_name_ru, model_name_uz) FROM stdin;
6	green	new	A 24 green	4 GB	128 GB	2	91	A 24 green	\N	\N	\N
1	green	used	s21 ultira	12 GB	256 GB	2	2	s21 ultira	\N	\N	\N
7	black	new	Iphone 15 pro max	8 GB	256 GB	4	92	Iphone 15 pro max	\N	\N	\N
10	black	new	GALAXY WATCH 6  LTE 44mm	8 GB	16 GB	12	95	GALAXY WATCH 6  LTE 44mm	\N	\N	\N
9	gold	new	GALAXY WATCH 6  LTE 40mm	8 GB	16 GB	12	94	GALAXY WATCH 6  LTE 40mm	\N	\N	\N
8	black	new	GALAXY WATCH 6  LTE 40mm	8 GB	16 GB	12	93	GALAXY WATCH 6  LTE 40mm	\N	\N	\N
\.


--
-- Data for Name: product_productitem; Type: TABLE DATA; Schema: public; Owner: username
--

COPY public.product_productitem (id, created, modified, "desc", measure, available_quantity, bonus, active, new_price, old_price, desc_en, desc_kr, desc_ru, desc_uz, weight) FROM stdin;
1	2024-01-26 12:41:06.945784+00	2024-02-07 17:49:22.565917+00	Australian Lamb front leg can give your simple meal an unforgettable taste.\r\nSoft and tasty meat is loved by everyone. Apart from that, you can add Mutton to your diet list as it is a diet food.	0	100	0	t	15000	14000	Australian Lamb front leg can give your simple meal an unforgettable taste.\r\nSoft and tasty meat is loved by everyone. Apart from that, you can add Mutton to your diet list as it is a diet food.	            .\r\n     .  ,          .	          .\r\n     .  ,    Mutton    ,     .	Australiadan keltirilgan Qo'y Oldi Son go'shti oddiy ta'omingizga unitlmas ta'mni bera oladi.\r\nYumshoq va mazali go'sht har qanday insonning ko'nglidan joy oladi. Undan tashqari Qo'y go'shti parhez ta'am bo'lganligi bois parhez ta'omlari hatoriga qo'shishingiz mumkin.	1
91	2024-03-07 15:30:04.835114+00	2024-03-07 15:30:08.128495+00	New unused. Included: screen film, case, charger.	1	5	0	t	260000	280000	New unused. Included: screen film, case, charger.	 . :  , , .	 .  :   , ,  .	Yangi ishlatilmagan. Qoshib beriladi: Ekran plyonka, chexol, zaryadchik	1
92	2024-03-07 15:39:03.597102+00	2024-03-07 15:39:04.404176+00	New unused. Included: screen film, case, charger.	1	2	0	t	1700000	1700000	New unused. Included: screen film, case, charger.	 . :  , , .	 .  :   , ,  .	Yangi ishlatilmagan. Qoshib beriladi: Ekran plyonka, chexol, zaryadchik	1
104	2024-03-07 18:26:13.617364+00	2024-03-08 09:12:24.736488+00		1	10	0	t	6500	6500					1
107	2024-03-15 14:55:14.588518+00	2024-03-15 14:55:14.588518+00		1	100	0	t	7000	7000					0.6
108	2024-03-15 15:05:40.779571+00	2024-03-15 15:05:40.779571+00		1	100	0	t	4900	4900					0.6
109	2024-03-15 15:11:31.936499+00	2024-03-15 15:11:31.936499+00		1	100	0	t	8400	8400					0.6
93	2024-03-07 15:53:19.783588+00	2024-03-07 17:02:34.707571+00		1	20	0	t	185000	320000					0.9
7	2024-01-31 15:06:09.819283+00	2024-02-02 18:35:08.674093+00	Fly time 11:15\r\nOne Baggage 43 kg \r\nOne Lagguage 8 kg	1	5	0	t	0	1000000	Fly time 11:15\r\nOne Baggage 43 kg \r\nOne Lagguage 8 kg	  - 11:15\r\n - 43kg 1\r\n - 8kg 1	  - 11:15\r\n - 43  \r\n - 8  	uchish vaxti 11:15\r\n1 ta Jamadon 43 kg\r\n1 ta Qo'l sumkasi 8kg	0.5
134	2024-03-16 07:47:41.120526+00	2024-03-16 07:47:41.120526+00		1	50	0	t	7500	7500					1
99	2024-03-07 18:05:45.321498+00	2024-03-07 18:16:48.347172+00		1	10	0	t	7000	7000					1
146	2024-03-16 16:58:45.419104+00	2024-03-16 16:58:45.419104+00		1	100	0	t	2900	2900					0.2
147	2024-03-16 16:59:48.258014+00	2024-03-16 16:59:48.258014+00		1	100	0	t	2900	2900					0.2
148	2024-03-16 17:00:58.400241+00	2024-03-16 17:00:58.400241+00		1	100	0	t	2900	2900					0.2
158	2024-03-18 15:35:14.023065+00	2024-03-18 15:35:14.023065+00		1	100	0	t	2900	2900					0.3
159	2024-03-18 15:52:49.783924+00	2024-03-18 15:52:49.783924+00		1	100	0	t	4900	4900					1
160	2024-03-18 15:58:28.0366+00	2024-03-18 15:58:28.0366+00		1	100	0	t	5000	5000					1
100	2024-03-07 18:08:55.992095+00	2024-03-08 09:05:16.150453+00		1	10	0	t	6500	6500					1
98	2024-03-07 18:02:13.164343+00	2024-03-08 09:06:26.973837+00		1	10	0	t	6500	6500					1
101	2024-03-07 18:12:03.515364+00	2024-03-08 09:07:31.609193+00		1	1	0	t	6500	6500					1
102	2024-03-07 18:15:08.758904+00	2024-03-08 09:09:21.290519+00		1	10	0	t	6500	6500					1
103	2024-03-07 18:24:54.436773+00	2024-03-08 09:10:07.741971+00		1	10	0	t	6500	6500					1
187	2024-03-23 14:56:58.395303+00	2024-03-23 14:57:49.647039+00		0	100	0	t	7500	7500					1
188	2024-03-23 15:05:35.530677+00	2024-03-23 15:05:35.530677+00		1	100	0	t	5000	5000					1.5
186	2024-03-23 14:49:55.138011+00	2024-04-15 16:00:56.397313+00		0	100	0	t	12500	12500					1
110	2024-03-15 15:24:22.795595+00	2024-03-15 15:24:22.795595+00		1	100	0	t	6000	6000					0.5
17	2024-02-07 18:13:33.1207+00	2024-02-28 15:35:15.000671+00		1	100	0	t	2000	2000					1
12	2024-02-05 15:54:34.046792+00	2024-05-01 17:16:06.08996+00		0	98	0	t	4200	5000					1
111	2024-03-15 15:26:56.667569+00	2024-03-15 15:26:56.667569+00		1	100	0	t	6000	6000					0.5
2	2024-01-26 12:49:58.305468+00	2024-03-07 15:31:11.523533+00	Used phone Excellent condition\r\nThere is a 1 month warranty\r\nAdditional screen film, case, charger are added\r\nFree shipping is available within Korea	1	5	0	t	445000	445000	Used phone Excellent condition\r\nThere is a 1 month warranty\r\nAdditional screen film, case, charger are added\r\nFree shipping is available within Korea	  \r\n1  \r\n   ,     .\r\n  	 /   \r\n  1 \r\n      , ,  .\r\n    	Ishlatilgan telefon  Xolati a'lo\r\n1 oy kafolati bor \r\nQo'shimcha ekran plyonka, chexol, zaryadchik qo'shib beriladi\r\nkoreani ichiga tekin yetkazib berish xizmati mavjud	1
112	2024-03-15 15:41:28.663+00	2024-03-15 15:49:51.523233+00		1	100	0	t	6000	6000					0.5
29	2024-02-28 05:29:28.83621+00	2024-02-28 06:51:30.024657+00	   	1	50	0	t	10000	10000	   	Halal Doktorskiy Beef sausage made in Korea	     	Halol mol go'shtli  Doktorskiy Qalbasa, Koreada ishlab chiqarilgan	1
16	2024-02-07 17:38:10.154675+00	2024-03-05 17:30:47.854797+00		1	100	0	t	3000	3000					1
113	2024-03-15 15:59:06.46735+00	2024-03-15 16:01:02.729494+00		1	100	0	t	12800	15000					1
135	2024-03-16 08:06:02.468067+00	2024-03-16 08:06:02.468067+00		1	100	0	t	5000	5000					0.5
136	2024-03-16 08:20:52.764345+00	2024-03-16 08:20:52.764345+00		1	50	0	t	5000	5000					0.5
18	2024-02-07 18:27:15.450602+00	2024-03-05 17:31:23.995082+00		1	250	0	t	2000	2000					0.2
161	2024-03-18 16:05:44.343698+00	2024-03-18 16:05:44.343698+00		1	100	0	t	4000	4000					1
162	2024-03-18 16:10:25.125935+00	2024-03-18 16:10:25.125935+00		1	100	0	t	3500	3500					1
164	2024-03-18 16:23:43.391844+00	2024-03-18 16:23:43.391844+00		1	100	0	t	3500	3500					1
15	2024-02-07 16:12:12.857284+00	2024-03-05 17:31:56.706865+00		1	50	0	t	6000	6000					1
163	2024-03-18 16:17:11.028685+00	2024-03-18 16:28:47.077478+00		1	100	0	t	5000	5000					1
189	2024-03-23 15:23:41.117175+00	2024-03-23 15:23:41.117175+00		1	100	0	t	11900	11900					2
10	2024-02-05 15:22:10.019934+00	2024-02-10 20:01:19.403941+00		1	40	0	t	3000	3000					0.2
27	2024-02-08 18:14:37.208385+00	2024-03-05 17:32:20.970648+00		1	50	0	t	2500	2500					1
13	2024-02-05 16:03:11.854475+00	2024-03-26 15:49:00.480306+00		0	100	0	t	9000	10000					1
28	2024-02-28 05:29:25.935755+00	2024-03-05 17:32:44.353832+00	Halal Doktorskiy Beef sausage made in Korea	1	50	0	t	10000	10000	Halal Doktorskiy Beef sausage made in Korea	   	     	Halol mol go'shtli  Doktorskiy Qalbasa, Koreada ishlab chiqarilgan	1
26	2024-02-08 18:09:43.36952+00	2024-03-05 17:33:03.120756+00		1	100	0	t	11000	11000					1
25	2024-02-08 18:09:40.846838+00	2024-03-05 17:33:21.994436+00		1	100	0	t	11000	11000					1
24	2024-02-08 18:05:41.530812+00	2024-03-05 17:33:45.657904+00		1	25	0	t	2000	2000					1
23	2024-02-08 18:02:34.826288+00	2024-03-05 17:34:13.068025+00		1	50	0	t	2500	2500					0.1
21	2024-02-08 14:25:02.879921+00	2024-03-05 17:35:09.561932+00		1	100	0	t	11000	12500					3.5
14	2024-02-07 15:42:47.175829+00	2024-04-15 16:03:09.665211+00		0	100	0	t	8800	8800					1
19	2024-02-07 18:30:37.645361+00	2024-03-05 17:36:03.147968+00		1	250	0	t	4000	4000					1.5
20	2024-02-08 14:12:50.371311+00	2024-03-05 17:36:28.54327+00		0	100	0	t	16000	17500					5.5
55	2024-03-05 18:03:40.010647+00	2024-03-05 18:07:10.553814+00	""  . V   , . : -    , . 100\r\ng.   :  - 11.8 g. / 49.4kJ;\r\n 24.  :\r\n 35C    \r\n 70% .         \r\n     .  .  . . "" \r\n       .\r\n         .\r\n .	1	50	0	t	4000	4000	""  . V   , . : -    , . 100\r\ng.   :  - 11.8 g. / 49.4kJ;\r\n 24.  :\r\n 35C    \r\n 70% .         \r\n     .  .  . . "" \r\n       .\r\n         .\r\n .	"Makiz" pasta products. V-group pasta products, high grade. Ingredients: high-quality wheat flour enriched with vitamin-mineral mixture, water. 100\r\ng. nutritional value of the product: proteins - 11.8 g. / 49.4 kJ;\r\n24 months from the date of manufacture. Storage conditions:\r\nAt temperatures up to 35C and relative humidity\r\nKeep it up to 70%. Expiry date after opening the package under the specified storage conditions\r\ncan be consumed during the period. Avoid moisture. Fragile. Be careful. "Makiz" product\r\nIt is made from high-quality raw materials using Italian technology and Italian equipment\r\nUndoubtedly the leader and reliable in the market of products\r\nis a product sample.	  .   -,  . :    ,  - , . 100\r\n.   :   11,8 . / 49,4 ;\r\n24    .  :\r\n   35   .\r\n   70%.          .\r\n     .  . .  .  \r\n         .\r\n      .\r\n   .	"Makiz" makaron mahsulotlari. V-guruh makaron mahsulotlari, oliy nav. Tarkibi: vitamin - mineral aralashmasi bilan boyitilgan oliy navli bug doy uni, suv. 100\r\ng. mahsulot-ning ozuqaviy qiymati: oqsillar - 11,8 g. / 49,4 kJ;\r\nishlab chigarilgan sanadan boshlab 24 oy. Saqlash sharoiti:\r\n35C gacha bolgan harorada va havoning nisbiy namligi\r\n70% gacha bolgan joyda saglansin. Qadog ochilgandan keyin ko'rsatilgan saqlash sharoitida saqlanib, yaroglilik\r\nmuddati davomida iste'mol qilinishi mumkin. Namlikdan saglansin. Sinuvchan. Ehtiyot boling. "Makiz" mahsuloti\r\nItaliya tenologiyasi boyicha italiya asbob-uskunalarida oliy navli hom-ashyodan tayyorlangan\r\nmahsultlari bozorida shubxasiz peshqadam va ishonchli\r\nmahsulot namunasidir.	0.5
9	2024-02-05 15:18:46.805721+00	2024-04-15 17:51:58.810324+00		1	30	0	f	2500	2500					0.1
33	2024-02-28 10:00:57.403457+00	2024-02-28 13:45:49.522995+00		1	50	0	t	10000	10000					1
190	2024-03-23 15:51:38.394485+00	2024-03-23 15:51:38.394485+00		1	100	0	t	9500	9500					2
31	2024-02-28 06:43:24.396815+00	2024-03-26 15:49:55.096565+00	Product name: Halal Milk Sausage Weight 600g (+ - 20 g) (853.92 kcal)/ Refrigerated product Food type: Sausage (non-salty product). Halal beef (Australian) 36%, Halal chicken (domestic) 35.98%, Halal chicken skin (domestic) 10.99%, potato powder, refined palm oil, whey powder, bran eggs, corn oil (corn oil), table salt, potassium sorbate (preservative) , Sodium nitrite (coloring agent), 5 types of complex seasoning foods Packaging material (inside): polyethylene	1	50	0	t	10000	10000	Product name: Halal Milk Sausage Weight 600g (+ - 20 g) (853.92 kcal)/ Refrigerated product Food type: Sausage (non-salty product). Halal beef (Australian) 36%, Halal chicken (domestic) 35.98%, Halal chicken skin (domestic) 10.99%, potato powder, refined palm oil, whey powder, bran eggs, corn oil (corn oil), table salt, potassium sorbate (preservative) , Sodium nitrite (coloring agent), 5 types of complex seasoning foods Packaging material (inside): polyethylene	:    600g (+ - 20 g) (853.92 kcal)/  :  ().  () 36%,  () 35.98%,  () 10.99%, , , , ,  (), , (),  (),  5   (): 	 :     600 (+ - 20 ) (853,92 )/    :  ( ).   () 36%,   () 35,98%,    () 10,99%,  ,   ,  ,  ,   ( ),  ,   (),   (), 5     .   (): .	Mahsulot nomi: Halol sutli  kolbasa Og'irligi 600g (+ - 20 g) (853,92 kkal)/ Muzlatgichdagi mahsulot Oziq-ovqat turi: Kolbasa (sho'r bo'lmagan mahsulot). Halol mol go'shti (Avstraliya) 36%, halol tovuq (uy) 35,98%, halol tovuq terisi (maishiy) 10,99%, kartoshka kukuni, tozalangan palma yog'i, zardob kukuni, kepak tuxumi, makkajo'xori yog'i, osh tuzi, kaliy sorbat (konservant), natriy nitrit (rang beruvchi), 5 turdagi murakkab ziravorli oziq-ovqatlar Qadoqlash materiali (ichki): polietilen	1
38	2024-02-28 15:58:30.963071+00	2024-03-05 17:29:59.290457+00		1	20	0	t	5900	5900					1
32	2024-02-28 10:00:53.388438+00	2024-03-05 17:30:23.296267+00		1	50	0	t	16000	16000					1
36	2024-02-28 15:16:09.10608+00	2024-04-15 15:41:31.861297+00		0	100	0	t	12800	12800					1
35	2024-02-28 14:38:26.305099+00	2024-04-15 18:01:50.510494+00		0	100	0	t	12400	12400					1
39	2024-02-28 16:09:54.489583+00	2024-03-05 17:38:11.003846+00		1	20	0	t	8000	8000					2
37	2024-02-28 15:30:59.640175+00	2024-03-05 17:38:34.208256+00		1	100	0	t	6700	6700					0.2
40	2024-02-28 17:08:18.10427+00	2024-03-05 17:39:04.098924+00		1	30	0	t	5000	5000					1
41	2024-02-28 17:23:31.645689+00	2024-03-05 17:39:22.067751+00		1	30	0	t	4000	4000					1
42	2024-02-28 17:44:42.69838+00	2024-02-28 17:45:02.487804+00		1	30	0	t	7000	7000					1
75	2024-03-06 09:15:25.52789+00	2024-03-06 09:15:25.52789+00	INGREDIENTS: SQUASH, SUN FLOWER OIL, TOMATO PASTE, CARROT, ONION, SALT, SUGAR, BLACK PEPPER POWDER, ALL SPICE POWDER.	1	10	0	t	6000	6000	INGREDIENTS: SQUASH, SUN FLOWER OIL, TOMATO PASTE, CARROT, ONION, SALT, SUGAR, BLACK PEPPER POWDER, ALL SPICE POWDER.	 : , ,  , , , , , ,  	: ,  ,  , , , , ,  ,   	TARKIBI: QOVQOQ, AYCHICH YOGI, TOMATO PASTASI, SABZI, PIYYOZ, TUZ, SAKAR, QORA QAlampir, BARCHA ziravorlar kukuni.	0.6
137	2024-03-16 08:53:31.953424+00	2024-03-16 08:53:31.953424+00		1	100	0	t	5000	5000					0.5
138	2024-03-16 08:54:50.172605+00	2024-03-16 08:55:25.108295+00		1	50	0	t	5000	5000					0.5
165	2024-03-18 16:36:13.865248+00	2024-03-18 16:36:13.865248+00		1	100	0	t	9000	9000					1
166	2024-03-18 16:44:19.983726+00	2024-03-18 16:44:19.983726+00		1	100	0	t	9000	9000					1
167	2024-03-18 16:53:35.54446+00	2024-03-18 16:55:15.201883+00	 : , ( ) , , 	1	50	0	t	6500	6500	 : , ( ) , , 	Ingredients: Chickpeas, Tahini (sesame Paste) water, salt, Citric acid	: ,   ( ), ,  .	Tarkibi: nohut, tahini (kunjut pastasi) suvi, tuz, limon kislotasi	1
168	2024-03-18 16:59:08.279681+00	2024-03-18 16:59:08.279681+00		1	100	0	t	4300	4300					1
169	2024-03-18 17:04:52.483221+00	2024-03-18 17:04:52.483221+00		1	100	0	t	4500	4500					1
170	2024-03-18 17:10:00.766148+00	2024-03-18 17:10:00.766148+00		1	100	0	t	6500	6500					1
171	2024-03-18 17:15:06.815702+00	2024-03-18 17:15:06.815702+00		1	100	0	t	8000	8000					1
172	2024-03-18 17:19:34.552016+00	2024-03-18 17:19:34.552016+00		1	100	0	t	6000	6000					1
173	2024-03-18 17:23:44.044376+00	2024-03-18 17:23:44.044376+00		1	100	0	t	5000	5000					1
174	2024-03-18 17:29:15.672484+00	2024-03-18 17:29:15.672484+00		1	100	0	t	5900	5900					1
175	2024-03-18 17:30:24.577556+00	2024-03-18 17:30:24.577556+00		1	100	0	t	4500	4500					1
34	2024-02-28 14:10:52.660827+00	2024-03-23 14:38:53.709475+00		0	1000	0	t	13900	13900					1
43	2024-03-02 05:26:10.796851+00	2024-03-05 17:39:42.537499+00	\r\n  477g ( )\r\n100g ( ) 600kcal\r\n  .\r\n  . 100g 5   1   0 mg 0%\r\n 28 g 9%\r\n 9 g 36%\r\n 7 g 7%\r\n 44 g 81%\r\n 0 g\r\n\r\n 5 g 33%\r\n 0 mg 0%\r\n 23 g 42%\r\n 980 mg 28%\r\n 90 mg 13%\r\n 4 mg 33%\r\n    .\r\n1    (%)\r\n2,000kcal   	1	20	0	t	25000	25000	\r\n  477g ( )\r\n100g ( ) 600kcal\r\n  .\r\n  . 100g 5   1   0 mg 0%\r\n 28 g 9%\r\n 9 g 36%\r\n 7 g 7%\r\n 44 g 81%\r\n 0 g\r\n\r\n 5 g 33%\r\n 0 mg 0%\r\n 23 g 42%\r\n 980 mg 28%\r\n 90 mg 13%\r\n 4 mg 33%\r\n    .\r\n1    (%)\r\n2,000kcal   	Nutrition information\r\nTotal content: 477g (excluding shell)\r\n600kcal per 100g (excluding skin)\r\nI grew and lived there.\r\nTry a snack. Percentage of 5 standard values for 100g Daily nutritional content Sodium 0 mg 0%\r\nCarbohydrates 28 g 9%\r\nDietary fiber 9 g 36%\r\nSugars 7 g 7%\r\nFat 44 g 81%\r\nTrans fat 0 g\r\n\r\nSaturated fat 5 g 33%\r\nCholesterol 0 mg 0%\r\nProtein 23 g 42%\r\nPotassium 980 mg 28%\r\nCalcium 90 mg 13%\r\nIron 4 mg 33%\r\nCalories may vary.\r\nPercentage of daily nutritional value (%)\r\nBased on 2,000 kcal, individual needs	  \r\n : 477  ( )\r\n600   100  ( )\r\n    .\r\n .  5    100 .     0  0%\r\n 28  9%\r\n  9  36%\r\n 7  7%\r\n 44  81%\r\n 0 \r\n\r\n  5  33%\r\n 0  0%\r\n 23  42%\r\n 980  28%\r\n 90  13%\r\n 4  33%\r\n  .\r\n    (%)\r\n  2000 ,  	Oziqlanish haqida ma'lumot\r\nUmumiy tarkibi: 477 g (qobiqdan tashqari)\r\n100 g uchun 600 kkal (teridan tashqari)\r\nAperatif qilib ko'ring. 100 g uchun 5 standart qiymatning ulushi kunlik ozuqaviy tarkib natriy 0 mg 0%\r\nUglevodlar 28 g 9%\r\nXun tolasi 9 g 36%\r\nshakar 7 g 7%\r\nYog '44 g 81%\r\nTrans yog '0 g\r\n\r\nTo'yingan yog '5 g 33%\r\nXolesterin 0 mg 0%\r\nProtein 23 g 42%\r\nKaliy 980 mg 28%\r\nKaltsiy 90 mg 13%\r\nTemir 4 mg 33%\r\nKaloriyalar farq qilishi mumkin.\r\nKundalik ozuqaviy qiymat ulushi (%)\r\n2000 kkal, individual ehtiyojlar asosida	1
81	2024-03-06 14:16:10.556892+00	2024-03-06 14:16:41.200851+00		1	20	0	t	11000	11000					0.5
82	2024-03-06 14:26:07.999654+00	2024-03-06 14:26:07.999654+00		1	20	0	t	7500	7500					0.3
45	2024-03-02 07:10:41.283105+00	2024-03-05 17:29:08.133232+00		1	30	0	t	6000	6000					1
139	2024-03-16 15:36:47.120165+00	2024-03-16 15:36:47.120165+00		1	100	0	t	13900	13900					1
140	2024-03-16 15:50:54.999982+00	2024-03-16 15:50:54.999982+00		1	100	0	t	8000	8000					1
141	2024-03-16 15:55:04.300338+00	2024-03-16 15:55:04.300338+00		1	100	0	t	7500	7500					1
176	2024-03-18 17:36:47.951519+00	2024-03-18 17:36:47.951519+00		1	100	0	t	4000	4000					1
177	2024-03-18 17:42:26.749507+00	2024-03-18 17:42:26.749507+00		1	100	0	t	4300	4300					1
178	2024-03-18 17:47:25.334044+00	2024-03-18 17:47:25.334044+00		1	100	0	t	5500	5500					1
179	2024-03-18 17:51:22.020127+00	2024-03-18 17:51:22.020127+00		1	100	0	t	10000	10000					1
180	2024-03-18 17:55:46.116843+00	2024-03-18 17:55:46.116843+00		1	50	0	t	3700	3700					0.6
181	2024-03-18 18:00:19.11222+00	2024-03-18 18:00:19.11222+00		1	100	0	t	3500	3500					0.6
183	2024-03-18 18:08:59.477587+00	2024-03-18 18:08:59.477587+00		1	100	0	t	2000	2000					1.5
184	2024-03-18 18:12:04.216968+00	2024-03-18 18:12:04.216968+00		1	100	0	t	3800	3800					2.5
182	2024-03-18 18:05:10.298979+00	2024-03-18 18:12:58.006269+00		1	100	0	t	3500	3500					1
191	2024-03-23 16:31:44.490494+00	2024-03-23 16:31:44.490494+00		0	100	0	t	1000	1000					0.5
193	2024-03-23 16:39:29.395121+00	2024-03-23 16:39:29.395121+00		1	100	0	t	2000	2000					1.5
192	2024-03-23 16:38:02.929289+00	2024-03-23 16:40:10.038197+00		1	100	0	t	1500	1500					1
194	2024-03-23 16:54:09.21984+00	2024-03-23 16:54:09.21984+00		1	100	0	t	2900	2900					0.5
195	2024-03-23 17:06:27.165081+00	2024-03-23 17:06:27.165081+00		1	100	0	t	2900	2900					0.5
84	2024-03-06 15:39:30.201518+00	2024-03-06 15:39:30.201518+00		1	20	0	t	6500	6500					0.3
85	2024-03-06 15:46:18.808751+00	2024-03-06 15:46:18.808751+00		1	20	0	t	5000	5000					0.5
86	2024-03-06 15:51:16.097832+00	2024-03-06 15:51:16.097832+00		1	20	0	t	5000	5000					0.5
87	2024-03-06 15:58:38.223592+00	2024-03-06 15:58:38.223592+00		1	20	0	t	13900	13900					0.8
89	2024-03-06 16:08:57.666566+00	2024-03-06 16:08:57.666566+00		1	20	0	t	7500	7500					1
90	2024-03-06 16:15:24.329873+00	2024-03-06 16:15:24.329873+00		1	30	0	t	6500	6500					0.6
88	2024-03-06 15:58:39.829622+00	2024-03-06 16:22:42.45229+00		1	20	0	t	5000	5000					1
95	2024-03-07 17:01:50.228835+00	2024-03-07 17:01:51.938406+00		1	6	0	t	235000	399000					1
94	2024-03-07 16:47:20.685962+00	2024-03-07 17:02:15.642461+00		1	6	0	t	185000	324000					1
96	2024-03-07 17:27:37.461681+00	2024-03-07 17:27:37.461681+00		1	20	0	t	11000	11000					1.5
53	2024-03-05 17:17:05.094817+00	2024-03-05 17:24:49.496649+00		3	20	0	t	3000	3000					0.5
52	2024-03-05 17:07:39.035721+00	2024-03-05 17:25:02.442899+00		3	20	0	t	3000	3000					0.3
51	2024-03-05 16:15:10.554754+00	2024-03-05 17:26:32.526168+00		3	20	0	t	5500	5500					0.6
50	2024-03-05 15:58:53.999495+00	2024-03-05 17:26:47.068716+00		3	20	0	t	3000	3000					0.5
49	2024-03-05 15:44:10.974794+00	2024-03-05 17:26:59.091269+00		3	20	0	t	3000	3000					0.5
97	2024-03-07 17:38:27.150699+00	2024-03-07 17:38:27.150699+00		1	20	0	t	8000	8000					1.5
105	2024-03-15 14:46:02.353288+00	2024-03-15 14:46:02.353288+00		1	100	0	t	14000	14000					0.6
48	2024-03-05 15:31:28.378911+00	2024-03-05 17:27:36.053676+00		3	20	0	t	3000	3000					0.5
47	2024-03-05 15:05:49.268637+00	2024-03-05 17:28:25.288804+00		3	50	0	t	3000	3000					0.5
46	2024-03-02 13:09:02.670756+00	2024-03-05 17:28:48.853377+00		1	20	0	t	4500	4500					1
106	2024-03-15 14:46:12.480421+00	2024-03-15 14:55:46.126727+00		1	100	0	t	7000	7000					0.6
115	2024-03-16 03:11:50.820777+00	2024-03-16 03:11:50.820777+00		1	100	0	t	4000	4000					1.3
114	2024-03-16 03:10:23.899087+00	2024-03-16 03:12:18.199624+00		1	100	0	t	4000	4000					1.3
116	2024-03-16 03:21:32.207792+00	2024-03-16 03:21:32.207792+00		1	100	0	t	4000	4000					1.3
117	2024-03-16 03:24:14.625891+00	2024-03-16 03:24:14.625891+00		1	100	0	t	4000	4000					1.3
118	2024-03-16 03:25:44.570575+00	2024-03-16 03:25:44.570575+00		1	100	0	t	4000	4000					1.3
119	2024-03-16 03:26:49.714317+00	2024-03-16 03:26:49.714317+00		1	100	0	t	4000	4000					1.3
120	2024-03-16 03:27:55.155651+00	2024-03-16 03:27:55.155651+00		1	100	0	t	4000	4000					1.3
121	2024-03-16 03:29:58.886036+00	2024-03-16 03:29:58.886036+00		1	100	0	t	4000	4000					1.3
122	2024-03-16 03:31:10.771679+00	2024-03-16 03:31:10.771679+00		1	100	0	t	4000	4000					1.3
123	2024-03-16 03:32:17.007349+00	2024-03-16 03:32:17.007349+00		1	100	0	t	4000	4000					1.3
124	2024-03-16 03:33:13.502993+00	2024-03-16 03:33:13.502993+00		1	100	0	t	4000	4000					1.3
125	2024-03-16 03:34:32.501228+00	2024-03-16 03:34:32.501228+00		1	100	0	t	4000	4000					1.3
126	2024-03-16 03:35:48.799905+00	2024-03-16 03:35:48.799905+00		1	100	0	t	3500	3500					1.3
127	2024-03-16 03:38:41.835483+00	2024-03-16 03:38:41.835483+00		1	100	0	t	3500	3500					1.3
128	2024-03-16 03:40:47.187651+00	2024-03-16 03:40:47.187651+00		1	100	0	t	3500	3500					1.3
129	2024-03-16 03:43:23.677522+00	2024-03-16 03:43:23.677522+00		1	100	0	t	3500	3500					1.3
130	2024-03-16 03:51:31.320416+00	2024-03-16 03:51:31.320416+00		1	100	0	t	3500	3500					1.3
131	2024-03-16 03:56:15.502672+00	2024-03-16 03:56:15.502672+00		1	100	0	t	3500	3500					1.3
132	2024-03-16 03:57:10.082862+00	2024-03-16 03:57:10.082862+00		1	100	0	t	3500	3500					1.3
133	2024-03-16 04:00:37.815606+00	2024-03-16 04:00:37.815606+00		1	100	0	t	3500	3500					1.3
142	2024-03-16 16:28:14.795721+00	2024-03-16 16:28:14.795721+00		0	100	0	t	2900	2900					0.2
143	2024-03-16 16:31:37.53339+00	2024-03-16 16:31:37.53339+00		1	100	0	t	2900	2900					0.2
144	2024-03-16 16:34:43.292233+00	2024-03-16 16:34:43.292233+00		1	100	0	t	2900	2900					0.2
145	2024-03-16 16:37:15.149881+00	2024-03-16 16:37:15.149881+00		1	100	0	t	2900	2900					0.2
149	2024-03-18 14:50:08.241693+00	2024-03-18 14:50:08.241693+00		1	100	0	t	2900	2900					0.3
150	2024-03-18 14:53:47.449117+00	2024-03-18 14:53:47.449117+00		1	100	0	t	2900	2900					0.3
151	2024-03-18 14:56:41.374856+00	2024-03-18 14:56:41.374856+00		1	1000	0	t	2900	2900					0.3
153	2024-03-18 15:03:20.592197+00	2024-03-18 15:03:20.592197+00		1	100	0	t	2900	2900					0.3
154	2024-03-18 15:07:29.42415+00	2024-03-18 15:07:29.42415+00		1	100	0	t	2900	2900					0.3
155	2024-03-18 15:11:34.969918+00	2024-03-18 15:11:34.969918+00		1	100	0	t	2900	2900					0.3
156	2024-03-18 15:17:14.953891+00	2024-03-18 15:17:14.953891+00		1	100	0	t	2900	2900					0.3
157	2024-03-18 15:21:10.603936+00	2024-03-18 15:21:10.603936+00		1	100	0	t	2900	2900					0.3
152	2024-03-18 14:59:28.992411+00	2024-03-18 15:41:29.903772+00		1	100	0	t	3500	3500					0.3
185	2024-03-23 14:02:05.753891+00	2024-03-23 14:13:52.834424+00		0	100	0	t	13500	13500					1
56	2024-03-05 18:28:35.101616+00	2024-03-05 18:28:35.101616+00	"Makiz" pasta products. V-group pasta products, high grade. Ingredients: high-quality wheat flour enriched with vitamin-mineral mixture, water. 100\r\ng. nutritional value of the product: proteins - 11.8 g. / 49.4 kJ;\r\n24 months from the date of manufacture. Storage conditions:\r\nAt temperatures up to 35C and relative humidity\r\nKeep it up to 70%. Expiry date after opening the package under the specified storage conditions\r\ncan be consumed during the period. Avoid moisture. Fragile. Be careful. "Makiz" product\r\nIt is made from high-quality raw materials using Italian technology and Italian equipment\r\nUndoubtedly the leader and reliable in the market of products\r\nis a product sample.	3	50	0	t	4000	4000	"Makiz" pasta products. V-group pasta products, high grade. Ingredients: high-quality wheat flour enriched with vitamin-mineral mixture, water. 100\r\ng. nutritional value of the product: proteins - 11.8 g. / 49.4 kJ;\r\n24 months from the date of manufacture. Storage conditions:\r\nAt temperatures up to 35C and relative humidity\r\nKeep it up to 70%. Expiry date after opening the package under the specified storage conditions\r\ncan be consumed during the period. Avoid moisture. Fragile. Be careful. "Makiz" product\r\nIt is made from high-quality raw materials using Italian technology and Italian equipment\r\nUndoubtedly the leader and reliable in the market of products\r\nis a product sample.	""  . V   , . : -    , . 100\r\ng.   :  - 11.8 g. / 49.4kJ;\r\n 24.  :\r\n 35C    \r\n 70% .         \r\n     .  .  . . "" \r\n       .\r\n         .\r\n .	  .   -,  . :    ,  - , . 100\r\n.   :   11,8 . / 49,4 ;\r\n24    .  :\r\n   35   .\r\n   70%.          .\r\n     .  . .  .  \r\n         .\r\n      .\r\n   .	"Makiz" makaron mahsulotlari. V-guruh makaron mahsulotlari, oliy nav. Tarkibi: vitamin - mineral aralashmasi bilan boyitilgan oliy navli bug doy uni, suv. 100\r\ng. mahsulot-ning ozuqaviy qiymati: oqsillar - 11,8 g. / 49,4 kJ;\r\nishlab chigarilgan sanadan boshlab 24 oy. Saqlash sharoiti:\r\n35C gacha bolgan harorada va havoning nisbiy namligi\r\n70% gacha bolgan joyda saglansin. Qadog ochilgandan keyin ko'rsatilgan saqlash sharoitida saqlanib, yaroglilik\r\nmuddati davomida iste'mol qilinishi mumkin. Namlikdan saglansin. Sinuvchan. Ehtiyot boling. "Makiz" mahsuloti\r\nItaliya tenologiyasi boyicha italiya asbob-uskunalarida oliy navli hom-ashyodan tayyorlangan\r\nmahsultlari bozorida shubxasiz peshqadam va ishonchli\r\nmahsulot namunasidir.	0.4
54	2024-03-05 17:50:42.158042+00	2024-03-05 18:06:00.61625+00		1	30	0	t	4500	4500					0.7
58	2024-03-05 18:49:38.747126+00	2024-03-05 18:49:38.747126+00		3	50	0	t	5500	5500					0.5
57	2024-03-05 18:37:22.557027+00	2024-03-05 18:50:09.863823+00		3	40	0	t	4500	4500					0.5
59	2024-03-05 19:01:15.755494+00	2024-03-05 19:01:15.755494+00	Medium corrugated shells	3	50	0	t	4000	4000	Medium corrugated shells	  	  	O'rta gofrirovka qilingan qobiqlar	0.4
60	2024-03-05 19:15:39.716678+00	2024-03-05 19:15:39.716678+00		3	50	0	t	4500	4500					0.7
61	2024-03-05 19:33:02.321654+00	2024-03-06 03:19:15.866179+00		1	20	0	t	5000	5000					0.5
62	2024-03-06 03:52:54.366829+00	2024-03-06 03:52:54.366829+00		1	20	0	t	5200	5200					0.3
63	2024-03-06 04:06:46.631531+00	2024-03-06 04:06:46.631531+00		1	20	0	t	4200	4200					0.2
64	2024-03-06 04:13:34.499998+00	2024-03-06 04:13:34.499998+00		1	20	0	t	5500	5500					0.2
65	2024-03-06 04:30:12.98515+00	2024-03-06 04:30:12.98515+00		1	20	0	t	6500	6500					0.3
66	2024-03-06 04:39:20.248768+00	2024-03-06 04:39:20.248768+00		1	20	0	t	5000	5000					0.2
67	2024-03-06 05:03:47.138885+00	2024-03-06 05:04:32.536697+00		3	20	0	t	4000	4000					0.5
69	2024-03-06 07:49:43.638544+00	2024-03-06 07:49:43.638544+00		1	10	0	t	8000	8000					1.2
68	2024-03-06 07:21:06.903696+00	2024-03-06 07:50:05.233224+00		1	10	0	t	13000	13000					2.5
70	2024-03-06 08:00:13.206613+00	2024-03-06 08:00:13.206613+00		0	10	0	t	5000	5000					0.6
71	2024-03-06 08:07:32.848886+00	2024-03-06 08:07:32.848886+00		1	10	0	t	12000	12000					2
76	2024-03-06 09:24:29.329686+00	2024-03-06 09:24:29.329686+00		1	20	0	t	5000	5000					1
72	2024-03-06 08:22:18.394357+00	2024-03-06 08:23:35.278071+00		1	10	0	t	6000	6000					0.5
73	2024-03-06 08:44:39.054556+00	2024-03-06 08:44:39.054556+00	Ingredients: Gherkin (56%) water, vinegar, salt, red pepper, garlic, hot pepper, natural flavourings.	1	10	0	t	9000	9000	Ingredients: Gherkin (56%) water, vinegar, salt, red pepper, garlic, hot pepper, natural flavourings.	: (56%) , , , , , ,  .	:   (56%), , ,  , ,  ,  .	Tarkibi: kornion (56%) suv, sirka, tuz, qizil qalampir, sarimsoq, achchiq qalampir, tabiiy xushbo'y hidlar.	2
74	2024-03-06 08:58:24.05093+00	2024-03-06 08:58:24.05093+00	Assorted pickled vegetables.\r\nGost 31713 - 2012. Sterilized product. Net weight: 1000 ml. Ingredients: cherry tomatoes, sweet red pepper, red cabbage, carrots, zucchini,water, salt, sugar, vinegar.\r\nNutritional value (per 100 g of product): protein 0.5 g, carbohydrates 2.5 g, salt 1.0\r\n9; Energy value: 12 kcal. The storage temperature ranges from 0  C to +25 C with a relative humidity of no more than 75%. Shelf life: 24 months from the date of manufacture. Keep an open container in the refrigerator.	1	20	0	t	9900	9900	Assorted pickled vegetables.\r\nGost 31713 - 2012. Sterilized product. Net weight: 1000 ml. Ingredients: cherry tomatoes, sweet red pepper, red cabbage, carrots, zucchini,water, salt, sugar, vinegar.\r\nNutritional value (per 100 g of product): protein 0.5 g, carbohydrates 2.5 g, salt 1.0\r\n9; Energy value: 12 kcal. The storage temperature ranges from 0  C to +25 C with a relative humidity of no more than 75%. Shelf life: 24 months from the date of manufacture. Keep an open container in the refrigerator.	  .\r\nGOST 31713 - 2012.  . : 1000ml.\r\n: ,  ,  , , , , , , . ( 100g):  0.5g,  2.5g,  1.0g;\r\n  : 12kcal.\r\n  0.\r\n 75%   +25C.  :\r\n 24.    .	  .\r\n 31713 - 2012.  .  : 1000 .\r\n:  ,  ,  , , , , , , .   ( 100 . ):  0,5 ,  2,5 ,  1,0 ;\r\n : 12 .\r\n-    0\r\n  +25      75%.  :\r\n24    .     .	Turli xil marinadlangan sabzavotlar.\r\nGOST 31713 - 2012. Sterilizatsiyalangan mahsulot. Sof og'irligi: 1000 ml.\r\nTarkibi: olcha pomidor, qizil shirin qalampir, qizil karam, sabzi, qovoq, suv, tuz, shakar, sirka. Oziqlanish qiymati (100 g mahsulotga): oqsillar 0,5 g, uglevodlar 2,5 g, tuz 1,0 g;\r\nEnergiya qiymati: 12 kkal.\r\nSaqlash harorati 0  dan\r\n75% dan ko'p bo'lmagan nisbiy namlikda +25  C gacha. Eng yaxshi sanadan oldin:\r\nIshlab chiqarilgan kundan boshlab 24 oy. Ochilgan idishni muzlatgichda saqlang.	1.5
77	2024-03-06 09:37:43.77988+00	2024-03-06 09:37:43.77988+00		1	20	0	t	6700	6700					0.7
78	2024-03-06 09:57:09.864892+00	2024-03-06 09:57:09.864892+00		1	20	0	t	4200	4200					0.5
79	2024-03-06 10:24:39.009202+00	2024-03-06 10:24:39.009202+00		1	10	0	t	6000	6000					0.6
80	2024-03-06 13:55:52.411126+00	2024-03-06 13:55:52.411126+00		1	20	0	t	6900	6900					0.7
83	2024-03-06 15:37:21.063453+00	2024-03-06 15:37:21.063453+00		1	20	0	t	10500	10500					0.5
44	2024-03-02 05:30:43.661657+00	2024-03-26 15:50:52.517013+00	\r\n  477g ( )\r\n100g ( ) 600kcal\r\n  .\r\n  . 100g 5   1   0 mg 0%\r\n 28 g 9%\r\n 9 g 36%\r\n 7 g 7%\r\n 44 g 81%\r\n 0 g\r\n\r\n 5 g 33%\r\n 0 mg 0%\r\n 23 g 42%\r\n 980 mg 28%\r\n 90 mg 13%\r\n 4 mg 33%\r\n    .\r\n1    (%)\r\n2,000kcal   	1	20	0	t	6000	6000	\r\n  477g ( )\r\n100g ( ) 600kcal\r\n  .\r\n  . 100g 5   1   0 mg 0%\r\n 28 g 9%\r\n 9 g 36%\r\n 7 g 7%\r\n 44 g 81%\r\n 0 g\r\n\r\n 5 g 33%\r\n 0 mg 0%\r\n 23 g 42%\r\n 980 mg 28%\r\n 90 mg 13%\r\n 4 mg 33%\r\n    .\r\n1    (%)\r\n2,000kcal   	Nutrition information\r\nTotal content: 477g (excluding shell)\r\n600kcal per 100g (excluding skin)\r\nI grew and lived there.\r\nTry a snack. Percentage of 5 standard values for 100g Daily nutritional content Sodium 0 mg 0%\r\nCarbohydrates 28 g 9%\r\nDietary fiber 9 g 36%\r\nSugars 7 g 7%\r\nFat 44 g 81%\r\nTrans fat 0 g\r\n\r\nSaturated fat 5 g 33%\r\nCholesterol 0 mg 0%\r\nProtein 23 g 42%\r\nPotassium 980 mg 28%\r\nCalcium 90 mg 13%\r\nIron 4 mg 33%\r\nCalories may vary.\r\nPercentage of daily nutritional value (%)\r\nBased on 2,000 kcal, individual needs	  \r\n : 477  ( )\r\n600   100  ( )\r\n    .\r\n .  5    100 .     0  0%\r\n 28  9%\r\n  9  36%\r\n 7  7%\r\n 44  81%\r\n 0 \r\n\r\n  5  33%\r\n 0  0%\r\n 23  42%\r\n 980  28%\r\n 90  13%\r\n 4  33%\r\n  .\r\n    (%)\r\n  2000 ,  	Oziqlanish haqida ma'lumot\r\nUmumiy tarkibi: 477 g (qobiqdan tashqari)\r\n100 g uchun 600 kkal (teridan tashqari)\r\nAperatif qilib ko'ring. 100 g uchun 5 standart qiymatning ulushi kunlik ozuqaviy tarkib natriy 0 mg 0%\r\nUglevodlar 28 g 9%\r\nXun tolasi 9 g 36%\r\nshakar 7 g 7%\r\nYog '44 g 81%\r\nTrans yog '0 g\r\n\r\nTo'yingan yog '5 g 33%\r\nXolesterin 0 mg 0%\r\nProtein 23 g 42%\r\nKaliy 980 mg 28%\r\nKaltsiy 90 mg 13%\r\nTemir 4 mg 33%\r\nKaloriyalar farq qilishi mumkin.\r\nKundalik ozuqaviy qiymat ulushi (%)\r\n2000 kkal, individual ehtiyojlar asosida	0.3
198	2024-04-02 15:52:32.926467+00	2024-04-02 15:52:32.926467+00		0	1000	0	t	6000	6000					1
197	2024-04-02 15:50:19.940684+00	2024-04-14 13:04:32.057851+00		0	1000	0	t	13800	13800				Mol parrak go'shti sizning vaxtingizni tejaydi va shuningdek ovqat qilish gashtini ham beradi. Do'stlar bilan yig'ilganda ajoyib vaxti chog'lik  va yaxshi kayfiyatni ulashadi.	1
196	2024-04-02 15:48:59.061127+00	2024-04-14 13:36:14.542012+00		0	1000	0	t	5500	5500					1
199	2024-04-14 13:54:48.091994+00	2024-04-14 13:54:48.091994+00		0	100	0	t	7500	7500					1
200	2024-04-15 15:15:45.963224+00	2024-04-15 15:15:45.963224+00		0	100	0	t	3000	3000					1
201	2024-04-15 15:25:26.485327+00	2024-04-15 15:25:26.485327+00		0	100	0	t	3000	3000					1
3	2024-01-29 17:45:14.161997+00	2024-04-15 16:02:01.004514+00	 .     .\r\n()\r\n\r\n     .        .\r\n , , , , , , , ,        .\r\n  B6, PP, B1, E, B9, B2 .\r\n\r\n         ,           .      .          .          .	0	99	0	t	14000	14000	 .     .\r\n()\r\n\r\n     .        .\r\n , , , , , , , ,        .\r\n  B6, PP, B1, E, B9, B2 .\r\n\r\n         ,           .      .          .          .	Halal Mutton Minced minced mutton made from the neck.\r\n(Made in Australia)\r\n\r\nMutton has many benefits for human health. The chemical composition and vitamins of mutton are very useful for human health.\r\nIt has chemicals like Calcium, Iron, Nickel, Potassium, Chromium, Copper, Chlorine, Iodine, Sulfur and Sodium.\r\nLamb is also rich in vitamins B6, PP, B1, E, B9, B2\r\n\r\nWith minced mutton, you can prepare your food quickly and save time, and minced mutton contains easily digestible and almost cholesterol-free fats. It also strengthens the bones and increases the flexibility of the muscles. It has a positive effect on the nervous system and can form blood clots in the body. In addition, it can quickly saturate energy resources in the body and reduce inflammation.	 .   ,   .\r\n(  )\r\n\r\n      .          .\r\n    ,  , , , , , , , ,   .\r\n    6, , 1, , 9, 2.\r\n\r\n           ,            .        .            .  ,          .	Halol Qo'y Bo'yin qismidan  tayyorlangan tayyorlangan, qiymalangan qo'y qiymasi.\r\n(Australiya maxsuloti)\r\n\r\nQo'y go'shtining inson salomatligi uchun juda ko'p foydali tamonlari bor. Qo'y go'shtining kimyoviy tarkibi, vitaminlari inson salomatligi uchun juda foydali.\r\nKalsiy, Temir, Nikel, Kaliy, Krom, Mis, Xlor, Yod, Oltingugurt va Natriy kabi kimyoviy moddalarga ega.\r\nShuningdek Qo'y go'shtida B6, PP, B1, E, B9, B2 vitaminlarga boy\r\n\r\nQiymalangan qo'y go'shti bilan siz ovqatingiz tez tayyorlaysiz va vaxtingizni tejaysiz, shuningdek qo'y qiyma go'shtida oson hazm bo'ladigan va deyarli xolesterinsiz yog'lari bor. Bundan tashqari suyaklarni kuchaytiradi va muskul a'zolarining moslashuvchanligini oshiradi. Asab tizimiga ijobiy tasir qiladi va organizmda qon birikmalarini ham hosil qila oladi. Undan tashqari tanada energiya resurslarini tezda to'ydira oladi va yallig'lanishni kamaytira oladi.	1
202	2024-04-15 16:41:33.965407+00	2024-04-15 16:41:33.965407+00		0	100	0	t	12000	12000					1
203	2024-04-15 16:58:28.744593+00	2024-04-15 16:58:28.744593+00		0	100	0	t	6500	6500					1
204	2024-04-15 17:09:14.691337+00	2024-04-15 17:09:14.691337+00		0	100	0	t	8500	8500					1
205	2024-04-15 17:23:01.707157+00	2024-04-15 17:23:01.707157+00		0	100	0	t	7000	7000					1
207	2024-04-15 17:50:49.061675+00	2024-04-15 17:50:49.061675+00		0	100	0	t	14500	14500					1
206	2024-04-15 17:45:11.895625+00	2024-04-16 02:46:09.249591+00		0	100	0	t	13500	13500					1
208	2024-04-30 15:47:33.182377+00	2024-04-30 15:47:33.182377+00		1	20	0	t	30000	33000					1.5
209	2024-04-30 15:52:25.11388+00	2024-04-30 15:52:25.11388+00		1	20	0	t	15500	15500					1.5
210	2024-04-30 15:55:31.463519+00	2024-04-30 15:55:31.463519+00		1	20	0	t	16000	16000					1.5
211	2024-04-30 16:01:25.417267+00	2024-04-30 16:01:25.417267+00		1	20	0	t	23000	23000					1.3
212	2024-04-30 16:09:48.612003+00	2024-04-30 16:09:48.612003+00		1	20	0	t	23000	23000					1.3
213	2024-04-30 16:17:46.384286+00	2024-04-30 16:24:09.16973+00		1	20	0	t	4000	4000					0.5
214	2024-04-30 16:23:22.404859+00	2024-04-30 16:25:17.532774+00		1	20	0	t	4000	4000					0.5
215	2024-04-30 16:30:29.134196+00	2024-04-30 16:31:42.413809+00		1	20	0	t	3500	3500					0.5
216	2024-04-30 16:35:25.435021+00	2024-04-30 16:35:25.435021+00		1	20	0	t	5000	5000					0.5
217	2024-04-30 16:44:25.215136+00	2024-04-30 16:45:28.454004+00		1	20	0	t	4500	4500					0.5
218	2024-04-30 17:01:02.667219+00	2024-04-30 17:01:02.667219+00		1	20	0	t	12500	12500					1
219	2024-04-30 17:16:33.079843+00	2024-04-30 17:33:33.513479+00		1	20	0	t	8000	8000					1
220	2024-04-30 17:31:17.44218+00	2024-04-30 17:34:20.586138+00		1	20	0	t	5990	5990					1
221	2024-04-30 17:42:46.895535+00	2024-04-30 17:42:46.895535+00		1	20	0	t	4490	4490					1
222	2024-04-30 17:48:33.41087+00	2024-04-30 17:48:33.41087+00		1	20	0	t	4500	4500					1
223	2024-05-01 16:42:51.741805+00	2024-05-01 16:59:52.731846+00		0	100	0	t	23500	23500					1
224	2024-05-01 16:43:23.659155+00	2024-05-01 17:17:24.871966+00		0	100	0	t	12000	12000					2
\.


--
-- Data for Name: product_soldproduct; Type: TABLE DATA; Schema: public; Owner: username
--

COPY public.product_soldproduct (id, created, modified, amount, quantity, product_id, user_id) FROM stdin;
4	2024-03-09 08:33:21.445363+00	2024-03-09 08:33:21.445363+00	13500	1	14	6
5	2024-03-09 08:33:21.455709+00	2024-03-09 08:33:21.455709+00	22000	2	3	6
6	2024-03-09 08:33:21.638721+00	2024-03-09 08:33:21.638721+00	88000	8	21	6
7	2024-03-09 08:33:21.644844+00	2024-03-09 08:33:21.644844+00	45000	3	1	6
1	2024-02-10 11:15:59.798266+00	2024-03-14 08:39:13.026919+00	33000	3	3	\N
2	2024-02-10 11:15:59.89391+00	2024-02-10 11:15:59.89391+00	15000	1	1	\N
3	2024-02-19 22:50:33.044959+00	2024-03-14 08:39:12.745221+00	8400	2	12	\N
8	2024-04-18 05:27:58.871678+00	2024-04-18 05:27:58.871678+00	4200	1	12	3
\.


--
-- Data for Name: product_subcategory; Type: TABLE DATA; Schema: public; Owner: username
--

COPY public.product_subcategory (id, created, modified, name, image, "desc", category_id, active, desc_en, desc_kr, desc_ru, desc_uz, name_en, name_kr, name_ru, name_uz) FROM stdin;
1	2024-01-26 12:33:20.044868+00	2024-02-02 16:26:13.296117+00	Lamb	subcategory/qoy.jpg	\N	1	t	\N	\N	\N	\N	Lamb			Qo'y Go'shti
2	2024-02-02 16:32:28.995062+00	2024-02-02 16:34:16.124888+00	Beef	subcategory/beef_r.jpg	\N	1	t	\N	\N	\N	\N	Beef			Mol Go'shti
6	2024-02-05 15:31:00.870343+00	2024-02-05 15:31:00.870343+00	Chicken	subcategory/checken.jpg	\N	1	t	\N	\N	\N	\N	Chicken		 	Tovuq go'shti
8	2024-02-07 16:06:38.27565+00	2024-02-07 16:14:18.001553+00	Bakery 	subcategory/bakery_9Np4OtO.jpg	\N	3	t	\N	\N	\N	\N	Bakery 	 	 	Non maxsulotlari 
7	2024-02-07 15:59:47.107733+00	2024-02-07 17:33:58.421553+00	Drinks	subcategory/drink.jpg	\N	3	t	\N	\N	\N	\N	Drinks			Ichimliklar
9	2024-02-07 18:49:46.53092+00	2024-02-07 18:49:46.53092+00	Oil products	subcategory/yog.jpg	\N	3	t	\N	\N	\N	\N	Oil products		M	Yog' maxsulotlari
13	2024-02-07 19:41:31.899296+00	2024-02-07 19:41:31.899296+00	Pickled products	subcategory/tuzlama.jpg	\N	3	t	\N	\N	\N	\N	Pickled products		 	Tuzlama Maxsulotlat
14	2024-02-07 19:53:59.403108+00	2024-02-07 19:53:59.403108+00	Nuts	subcategory/nuts.jpg	\N	3	t	\N	\N	\N	\N	Nuts		O	Chaq-chuqlar
15	2024-02-07 20:05:15.080939+00	2024-02-07 20:05:15.080939+00	Dairy products	subcategory/sut_maxsulotlari.jpg	\N	3	t	\N	\N	\N	\N	Dairy products		 	Sut maxsulotlari
12	2024-02-07 19:23:25.023545+00	2024-02-08 08:35:20.361736+00	Can products	subcategory/kanserva.jpg	\N	3	t	\N	\N	\N	\N	Can products	 	 	Kanserva maxsulotlar
3	2024-02-05 15:14:04.685305+00	2024-02-08 08:46:47.77618+00	Sweets	subcategory/shirinlik.jpg	\N	3	t	\N	\N	\N	\N	Sweets	sweets		Shirinliklar
16	2024-02-08 17:05:09.161351+00	2024-02-08 17:05:09.161351+00	Pasta products	subcategory/makaron.jpg	\N	3	t	\N	\N	\N	\N	Pasta products			Makaron maxsulotlari
17	2024-02-08 17:26:11.050959+00	2024-02-08 17:26:11.050959+00	Tea	subcategory/chay.jpg	\N	3	t	\N	\N	\N	\N	Tea			Choy
18	2024-02-08 17:47:33.791135+00	2024-02-08 17:47:33.791135+00	Rice and  grain	subcategory/guruch.jpg	\N	3	t	\N	\N	\N	\N	Rice and  grain	 	  	Guruch va dukkakli maxsulotlar
19	2024-03-16 16:26:51.240731+00	2024-03-16 16:26:51.240731+00	Seasoning	subcategory/ziravor.jpg	\N	3	t	\N	\N	\N	\N	Seasoning			Ziravorlar
11	2024-02-07 19:10:19.341609+00	2024-04-15 17:52:51.468132+00	Sausage products	subcategory/qalbasa_9Ub3Q4R.jpg	\N	1	t	\N	\N	\N	\N	Sausage products	 	 	Kolbasa va sassiska
\.


--
-- Data for Name: product_ticket; Type: TABLE DATA; Schema: public; Owner: username
--

COPY public.product_ticket (id, event_name, event_date, category_id, product_id, event_name_en, event_name_kr, event_name_ru, event_name_uz) FROM stdin;
1	Incheon-Tashkent-Incheon	2024-02-02 18:35:08.94516+00	5	7	Incheon-Tashkent-Incheon	--	--	Incheon-Toshkent-Incheon
\.


--
-- Name: auth_group_id_seq; Type: SEQUENCE SET; Schema: public; Owner: username
--

SELECT pg_catalog.setval('public.auth_group_id_seq', 1, false);


--
-- Name: auth_group_permissions_id_seq; Type: SEQUENCE SET; Schema: public; Owner: username
--

SELECT pg_catalog.setval('public.auth_group_permissions_id_seq', 1, false);


--
-- Name: auth_permission_id_seq; Type: SEQUENCE SET; Schema: public; Owner: username
--

SELECT pg_catalog.setval('public.auth_permission_id_seq', 112, true);


--
-- Name: auth_user_groups_id_seq; Type: SEQUENCE SET; Schema: public; Owner: username
--

SELECT pg_catalog.setval('public.auth_user_groups_id_seq', 1, false);


--
-- Name: auth_user_id_seq; Type: SEQUENCE SET; Schema: public; Owner: username
--

SELECT pg_catalog.setval('public.auth_user_id_seq', 102, true);


--
-- Name: auth_user_user_permissions_id_seq; Type: SEQUENCE SET; Schema: public; Owner: username
--

SELECT pg_catalog.setval('public.auth_user_user_permissions_id_seq', 1, false);


--
-- Name: customer_banner_id_seq; Type: SEQUENCE SET; Schema: public; Owner: username
--

SELECT pg_catalog.setval('public.customer_banner_id_seq', 1, true);


--
-- Name: customer_favorite_id_seq; Type: SEQUENCE SET; Schema: public; Owner: username
--

SELECT pg_catalog.setval('public.customer_favorite_id_seq', 176, true);


--
-- Name: customer_location_id_seq; Type: SEQUENCE SET; Schema: public; Owner: username
--

SELECT pg_catalog.setval('public.customer_location_id_seq', 24, true);


--
-- Name: customer_news_id_seq; Type: SEQUENCE SET; Schema: public; Owner: username
--

SELECT pg_catalog.setval('public.customer_news_id_seq', 8, true);


--
-- Name: customer_profile_id_seq; Type: SEQUENCE SET; Schema: public; Owner: username
--

SELECT pg_catalog.setval('public.customer_profile_id_seq', 101, true);


--
-- Name: customer_viewednews_id_seq; Type: SEQUENCE SET; Schema: public; Owner: username
--

SELECT pg_catalog.setval('public.customer_viewednews_id_seq', 25, true);


--
-- Name: django_admin_log_id_seq; Type: SEQUENCE SET; Schema: public; Owner: username
--

SELECT pg_catalog.setval('public.django_admin_log_id_seq', 53, true);


--
-- Name: django_content_type_id_seq; Type: SEQUENCE SET; Schema: public; Owner: username
--

SELECT pg_catalog.setval('public.django_content_type_id_seq', 28, true);


--
-- Name: django_migrations_id_seq; Type: SEQUENCE SET; Schema: public; Owner: username
--

SELECT pg_catalog.setval('public.django_migrations_id_seq', 70, true);


--
-- Name: merchant_bonus_id_seq; Type: SEQUENCE SET; Schema: public; Owner: username
--

SELECT pg_catalog.setval('public.merchant_bonus_id_seq', 5, true);


--
-- Name: merchant_information_id_seq; Type: SEQUENCE SET; Schema: public; Owner: username
--

SELECT pg_catalog.setval('public.merchant_information_id_seq', 1, true);


--
-- Name: merchant_order_id_seq; Type: SEQUENCE SET; Schema: public; Owner: username
--

SELECT pg_catalog.setval('public.merchant_order_id_seq', 72, true);


--
-- Name: merchant_orderitem_id_seq; Type: SEQUENCE SET; Schema: public; Owner: username
--

SELECT pg_catalog.setval('public.merchant_orderitem_id_seq', 185, true);


--
-- Name: merchant_secialmedia_id_seq; Type: SEQUENCE SET; Schema: public; Owner: username
--

SELECT pg_catalog.setval('public.merchant_secialmedia_id_seq', 1, true);


--
-- Name: merchant_service_id_seq; Type: SEQUENCE SET; Schema: public; Owner: username
--

SELECT pg_catalog.setval('public.merchant_service_id_seq', 1, true);


--
-- Name: product_category_id_seq; Type: SEQUENCE SET; Schema: public; Owner: username
--

SELECT pg_catalog.setval('public.product_category_id_seq', 13, true);


--
-- Name: product_good_id_seq; Type: SEQUENCE SET; Schema: public; Owner: username
--

SELECT pg_catalog.setval('public.product_good_id_seq', 213, true);


--
-- Name: product_image_id_seq; Type: SEQUENCE SET; Schema: public; Owner: username
--

SELECT pg_catalog.setval('public.product_image_id_seq', 406, true);


--
-- Name: product_phone_id_seq; Type: SEQUENCE SET; Schema: public; Owner: username
--

SELECT pg_catalog.setval('public.product_phone_id_seq', 10, true);


--
-- Name: product_productitem_id_seq; Type: SEQUENCE SET; Schema: public; Owner: username
--

SELECT pg_catalog.setval('public.product_productitem_id_seq', 224, true);


--
-- Name: product_soldproduct_id_seq; Type: SEQUENCE SET; Schema: public; Owner: username
--

SELECT pg_catalog.setval('public.product_soldproduct_id_seq', 8, true);


--
-- Name: product_subcategory_id_seq; Type: SEQUENCE SET; Schema: public; Owner: username
--

SELECT pg_catalog.setval('public.product_subcategory_id_seq', 19, true);


--
-- Name: product_ticket_id_seq; Type: SEQUENCE SET; Schema: public; Owner: username
--

SELECT pg_catalog.setval('public.product_ticket_id_seq', 1, true);


--
-- Name: auth_group auth_group_name_key; Type: CONSTRAINT; Schema: public; Owner: username
--

ALTER TABLE ONLY public.auth_group
    ADD CONSTRAINT auth_group_name_key UNIQUE (name);


--
-- Name: auth_group_permissions auth_group_permissions_group_id_permission_id_0cd325b0_uniq; Type: CONSTRAINT; Schema: public; Owner: username
--

ALTER TABLE ONLY public.auth_group_permissions
    ADD CONSTRAINT auth_group_permissions_group_id_permission_id_0cd325b0_uniq UNIQUE (group_id, permission_id);


--
-- Name: auth_group_permissions auth_group_permissions_pkey; Type: CONSTRAINT; Schema: public; Owner: username
--

ALTER TABLE ONLY public.auth_group_permissions
    ADD CONSTRAINT auth_group_permissions_pkey PRIMARY KEY (id);


--
-- Name: auth_group auth_group_pkey; Type: CONSTRAINT; Schema: public; Owner: username
--

ALTER TABLE ONLY public.auth_group
    ADD CONSTRAINT auth_group_pkey PRIMARY KEY (id);


--
-- Name: auth_permission auth_permission_content_type_id_codename_01ab375a_uniq; Type: CONSTRAINT; Schema: public; Owner: username
--

ALTER TABLE ONLY public.auth_permission
    ADD CONSTRAINT auth_permission_content_type_id_codename_01ab375a_uniq UNIQUE (content_type_id, codename);


--
-- Name: auth_permission auth_permission_pkey; Type: CONSTRAINT; Schema: public; Owner: username
--

ALTER TABLE ONLY public.auth_permission
    ADD CONSTRAINT auth_permission_pkey PRIMARY KEY (id);


--
-- Name: auth_user_groups auth_user_groups_pkey; Type: CONSTRAINT; Schema: public; Owner: username
--

ALTER TABLE ONLY public.auth_user_groups
    ADD CONSTRAINT auth_user_groups_pkey PRIMARY KEY (id);


--
-- Name: auth_user_groups auth_user_groups_user_id_group_id_94350c0c_uniq; Type: CONSTRAINT; Schema: public; Owner: username
--

ALTER TABLE ONLY public.auth_user_groups
    ADD CONSTRAINT auth_user_groups_user_id_group_id_94350c0c_uniq UNIQUE (user_id, group_id);


--
-- Name: auth_user auth_user_pkey; Type: CONSTRAINT; Schema: public; Owner: username
--

ALTER TABLE ONLY public.auth_user
    ADD CONSTRAINT auth_user_pkey PRIMARY KEY (id);


--
-- Name: auth_user_user_permissions auth_user_user_permissions_pkey; Type: CONSTRAINT; Schema: public; Owner: username
--

ALTER TABLE ONLY public.auth_user_user_permissions
    ADD CONSTRAINT auth_user_user_permissions_pkey PRIMARY KEY (id);


--
-- Name: auth_user_user_permissions auth_user_user_permissions_user_id_permission_id_14a6b632_uniq; Type: CONSTRAINT; Schema: public; Owner: username
--

ALTER TABLE ONLY public.auth_user_user_permissions
    ADD CONSTRAINT auth_user_user_permissions_user_id_permission_id_14a6b632_uniq UNIQUE (user_id, permission_id);


--
-- Name: auth_user auth_user_username_key; Type: CONSTRAINT; Schema: public; Owner: username
--

ALTER TABLE ONLY public.auth_user
    ADD CONSTRAINT auth_user_username_key UNIQUE (username);


--
-- Name: authtoken_token authtoken_token_pkey; Type: CONSTRAINT; Schema: public; Owner: username
--

ALTER TABLE ONLY public.authtoken_token
    ADD CONSTRAINT authtoken_token_pkey PRIMARY KEY (key);


--
-- Name: authtoken_token authtoken_token_user_id_key; Type: CONSTRAINT; Schema: public; Owner: username
--

ALTER TABLE ONLY public.authtoken_token
    ADD CONSTRAINT authtoken_token_user_id_key UNIQUE (user_id);


--
-- Name: customer_banner customer_banner_pkey; Type: CONSTRAINT; Schema: public; Owner: username
--

ALTER TABLE ONLY public.customer_banner
    ADD CONSTRAINT customer_banner_pkey PRIMARY KEY (id);


--
-- Name: customer_favorite customer_favorite_pkey; Type: CONSTRAINT; Schema: public; Owner: username
--

ALTER TABLE ONLY public.customer_favorite
    ADD CONSTRAINT customer_favorite_pkey PRIMARY KEY (id);


--
-- Name: customer_favorite customer_favorite_user_id_product_id_47bf4a99_uniq; Type: CONSTRAINT; Schema: public; Owner: username
--

ALTER TABLE ONLY public.customer_favorite
    ADD CONSTRAINT customer_favorite_user_id_product_id_47bf4a99_uniq UNIQUE (user_id, product_id);


--
-- Name: customer_location customer_location_pkey; Type: CONSTRAINT; Schema: public; Owner: username
--

ALTER TABLE ONLY public.customer_location
    ADD CONSTRAINT customer_location_pkey PRIMARY KEY (id);


--
-- Name: customer_news customer_news_pkey; Type: CONSTRAINT; Schema: public; Owner: username
--

ALTER TABLE ONLY public.customer_news
    ADD CONSTRAINT customer_news_pkey PRIMARY KEY (id);


--
-- Name: customer_profile customer_profile_origin_id_key; Type: CONSTRAINT; Schema: public; Owner: username
--

ALTER TABLE ONLY public.customer_profile
    ADD CONSTRAINT customer_profile_origin_id_key UNIQUE (origin_id);


--
-- Name: customer_profile customer_profile_pkey; Type: CONSTRAINT; Schema: public; Owner: username
--

ALTER TABLE ONLY public.customer_profile
    ADD CONSTRAINT customer_profile_pkey PRIMARY KEY (id);


--
-- Name: customer_viewednews customer_viewednews_pkey; Type: CONSTRAINT; Schema: public; Owner: username
--

ALTER TABLE ONLY public.customer_viewednews
    ADD CONSTRAINT customer_viewednews_pkey PRIMARY KEY (id);


--
-- Name: django_admin_log django_admin_log_pkey; Type: CONSTRAINT; Schema: public; Owner: username
--

ALTER TABLE ONLY public.django_admin_log
    ADD CONSTRAINT django_admin_log_pkey PRIMARY KEY (id);


--
-- Name: django_content_type django_content_type_app_label_model_76bd3d3b_uniq; Type: CONSTRAINT; Schema: public; Owner: username
--

ALTER TABLE ONLY public.django_content_type
    ADD CONSTRAINT django_content_type_app_label_model_76bd3d3b_uniq UNIQUE (app_label, model);


--
-- Name: django_content_type django_content_type_pkey; Type: CONSTRAINT; Schema: public; Owner: username
--

ALTER TABLE ONLY public.django_content_type
    ADD CONSTRAINT django_content_type_pkey PRIMARY KEY (id);


--
-- Name: django_migrations django_migrations_pkey; Type: CONSTRAINT; Schema: public; Owner: username
--

ALTER TABLE ONLY public.django_migrations
    ADD CONSTRAINT django_migrations_pkey PRIMARY KEY (id);


--
-- Name: django_session django_session_pkey; Type: CONSTRAINT; Schema: public; Owner: username
--

ALTER TABLE ONLY public.django_session
    ADD CONSTRAINT django_session_pkey PRIMARY KEY (session_key);


--
-- Name: merchant_bonus merchant_bonus_pkey; Type: CONSTRAINT; Schema: public; Owner: username
--

ALTER TABLE ONLY public.merchant_bonus
    ADD CONSTRAINT merchant_bonus_pkey PRIMARY KEY (id);


--
-- Name: merchant_information merchant_information_pkey; Type: CONSTRAINT; Schema: public; Owner: username
--

ALTER TABLE ONLY public.merchant_information
    ADD CONSTRAINT merchant_information_pkey PRIMARY KEY (id);


--
-- Name: merchant_order merchant_order_pkey; Type: CONSTRAINT; Schema: public; Owner: username
--

ALTER TABLE ONLY public.merchant_order
    ADD CONSTRAINT merchant_order_pkey PRIMARY KEY (id);


--
-- Name: merchant_orderitem merchant_orderitem_pkey; Type: CONSTRAINT; Schema: public; Owner: username
--

ALTER TABLE ONLY public.merchant_orderitem
    ADD CONSTRAINT merchant_orderitem_pkey PRIMARY KEY (id);


--
-- Name: merchant_socialmedia merchant_secialmedia_pkey; Type: CONSTRAINT; Schema: public; Owner: username
--

ALTER TABLE ONLY public.merchant_socialmedia
    ADD CONSTRAINT merchant_secialmedia_pkey PRIMARY KEY (id);


--
-- Name: merchant_service merchant_service_pkey; Type: CONSTRAINT; Schema: public; Owner: username
--

ALTER TABLE ONLY public.merchant_service
    ADD CONSTRAINT merchant_service_pkey PRIMARY KEY (id);


--
-- Name: product_category product_category_pkey; Type: CONSTRAINT; Schema: public; Owner: username
--

ALTER TABLE ONLY public.product_category
    ADD CONSTRAINT product_category_pkey PRIMARY KEY (id);


--
-- Name: product_good product_good_pkey; Type: CONSTRAINT; Schema: public; Owner: username
--

ALTER TABLE ONLY public.product_good
    ADD CONSTRAINT product_good_pkey PRIMARY KEY (id);


--
-- Name: product_good product_good_product_id_key; Type: CONSTRAINT; Schema: public; Owner: username
--

ALTER TABLE ONLY public.product_good
    ADD CONSTRAINT product_good_product_id_key UNIQUE (product_id);


--
-- Name: product_image product_image_pkey; Type: CONSTRAINT; Schema: public; Owner: username
--

ALTER TABLE ONLY public.product_image
    ADD CONSTRAINT product_image_pkey PRIMARY KEY (id);


--
-- Name: product_phone product_phone_pkey; Type: CONSTRAINT; Schema: public; Owner: username
--

ALTER TABLE ONLY public.product_phone
    ADD CONSTRAINT product_phone_pkey PRIMARY KEY (id);


--
-- Name: product_phone product_phone_product_id_key; Type: CONSTRAINT; Schema: public; Owner: username
--

ALTER TABLE ONLY public.product_phone
    ADD CONSTRAINT product_phone_product_id_key UNIQUE (product_id);


--
-- Name: product_productitem product_productitem_pkey; Type: CONSTRAINT; Schema: public; Owner: username
--

ALTER TABLE ONLY public.product_productitem
    ADD CONSTRAINT product_productitem_pkey PRIMARY KEY (id);


--
-- Name: product_soldproduct product_soldproduct_pkey; Type: CONSTRAINT; Schema: public; Owner: username
--

ALTER TABLE ONLY public.product_soldproduct
    ADD CONSTRAINT product_soldproduct_pkey PRIMARY KEY (id);


--
-- Name: product_subcategory product_subcategory_pkey; Type: CONSTRAINT; Schema: public; Owner: username
--

ALTER TABLE ONLY public.product_subcategory
    ADD CONSTRAINT product_subcategory_pkey PRIMARY KEY (id);


--
-- Name: product_ticket product_ticket_pkey; Type: CONSTRAINT; Schema: public; Owner: username
--

ALTER TABLE ONLY public.product_ticket
    ADD CONSTRAINT product_ticket_pkey PRIMARY KEY (id);


--
-- Name: product_ticket product_ticket_product_id_key; Type: CONSTRAINT; Schema: public; Owner: username
--

ALTER TABLE ONLY public.product_ticket
    ADD CONSTRAINT product_ticket_product_id_key UNIQUE (product_id);


--
-- Name: auth_group_name_a6ea08ec_like; Type: INDEX; Schema: public; Owner: username
--

CREATE INDEX auth_group_name_a6ea08ec_like ON public.auth_group USING btree (name varchar_pattern_ops);


--
-- Name: auth_group_permissions_group_id_b120cbf9; Type: INDEX; Schema: public; Owner: username
--

CREATE INDEX auth_group_permissions_group_id_b120cbf9 ON public.auth_group_permissions USING btree (group_id);


--
-- Name: auth_group_permissions_permission_id_84c5c92e; Type: INDEX; Schema: public; Owner: username
--

CREATE INDEX auth_group_permissions_permission_id_84c5c92e ON public.auth_group_permissions USING btree (permission_id);


--
-- Name: auth_permission_content_type_id_2f476e4b; Type: INDEX; Schema: public; Owner: username
--

CREATE INDEX auth_permission_content_type_id_2f476e4b ON public.auth_permission USING btree (content_type_id);


--
-- Name: auth_user_groups_group_id_97559544; Type: INDEX; Schema: public; Owner: username
--

CREATE INDEX auth_user_groups_group_id_97559544 ON public.auth_user_groups USING btree (group_id);


--
-- Name: auth_user_groups_user_id_6a12ed8b; Type: INDEX; Schema: public; Owner: username
--

CREATE INDEX auth_user_groups_user_id_6a12ed8b ON public.auth_user_groups USING btree (user_id);


--
-- Name: auth_user_user_permissions_permission_id_1fbb5f2c; Type: INDEX; Schema: public; Owner: username
--

CREATE INDEX auth_user_user_permissions_permission_id_1fbb5f2c ON public.auth_user_user_permissions USING btree (permission_id);


--
-- Name: auth_user_user_permissions_user_id_a95ead1b; Type: INDEX; Schema: public; Owner: username
--

CREATE INDEX auth_user_user_permissions_user_id_a95ead1b ON public.auth_user_user_permissions USING btree (user_id);


--
-- Name: auth_user_username_6821ab7c_like; Type: INDEX; Schema: public; Owner: username
--

CREATE INDEX auth_user_username_6821ab7c_like ON public.auth_user USING btree (username varchar_pattern_ops);


--
-- Name: authtoken_token_key_10f0b77e_like; Type: INDEX; Schema: public; Owner: username
--

CREATE INDEX authtoken_token_key_10f0b77e_like ON public.authtoken_token USING btree (key varchar_pattern_ops);


--
-- Name: customer_favorite_product_id_41a03b7e; Type: INDEX; Schema: public; Owner: username
--

CREATE INDEX customer_favorite_product_id_41a03b7e ON public.customer_favorite USING btree (product_id);


--
-- Name: customer_favorite_user_id_56899df3; Type: INDEX; Schema: public; Owner: username
--

CREATE INDEX customer_favorite_user_id_56899df3 ON public.customer_favorite USING btree (user_id);


--
-- Name: customer_location_user_id_07087cd9; Type: INDEX; Schema: public; Owner: username
--

CREATE INDEX customer_location_user_id_07087cd9 ON public.customer_location USING btree (user_id);


--
-- Name: customer_viewednews_news_id_0268b47d; Type: INDEX; Schema: public; Owner: username
--

CREATE INDEX customer_viewednews_news_id_0268b47d ON public.customer_viewednews USING btree (news_id);


--
-- Name: customer_viewednews_user_id_2afbeba3; Type: INDEX; Schema: public; Owner: username
--

CREATE INDEX customer_viewednews_user_id_2afbeba3 ON public.customer_viewednews USING btree (user_id);


--
-- Name: django_admin_log_content_type_id_c4bce8eb; Type: INDEX; Schema: public; Owner: username
--

CREATE INDEX django_admin_log_content_type_id_c4bce8eb ON public.django_admin_log USING btree (content_type_id);


--
-- Name: django_admin_log_user_id_c564eba6; Type: INDEX; Schema: public; Owner: username
--

CREATE INDEX django_admin_log_user_id_c564eba6 ON public.django_admin_log USING btree (user_id);


--
-- Name: django_session_expire_date_a5c62663; Type: INDEX; Schema: public; Owner: username
--

CREATE INDEX django_session_expire_date_a5c62663 ON public.django_session USING btree (expire_date);


--
-- Name: django_session_session_key_c0390e0f_like; Type: INDEX; Schema: public; Owner: username
--

CREATE INDEX django_session_session_key_c0390e0f_like ON public.django_session USING btree (session_key varchar_pattern_ops);


--
-- Name: merchant_order_location_id_566e5cb3; Type: INDEX; Schema: public; Owner: username
--

CREATE INDEX merchant_order_location_id_566e5cb3 ON public.merchant_order USING btree (location_id);


--
-- Name: merchant_order_user_id_a071b796; Type: INDEX; Schema: public; Owner: username
--

CREATE INDEX merchant_order_user_id_a071b796 ON public.merchant_order USING btree (user_id);


--
-- Name: merchant_orderitem_order_id_3bb3d359; Type: INDEX; Schema: public; Owner: username
--

CREATE INDEX merchant_orderitem_order_id_3bb3d359 ON public.merchant_orderitem USING btree (order_id);


--
-- Name: merchant_orderitem_product_id_903c76fb; Type: INDEX; Schema: public; Owner: username
--

CREATE INDEX merchant_orderitem_product_id_903c76fb ON public.merchant_orderitem USING btree (product_id);


--
-- Name: product_good_sub_cat_id_556d8769; Type: INDEX; Schema: public; Owner: username
--

CREATE INDEX product_good_sub_cat_id_556d8769 ON public.product_good USING btree (sub_cat_id);


--
-- Name: product_image_product_id_8b9355c5; Type: INDEX; Schema: public; Owner: username
--

CREATE INDEX product_image_product_id_8b9355c5 ON public.product_image USING btree (product_id);


--
-- Name: product_phone_category_id_ed436a23; Type: INDEX; Schema: public; Owner: username
--

CREATE INDEX product_phone_category_id_ed436a23 ON public.product_phone USING btree (category_id);


--
-- Name: product_soldproduct_product_id_8ecdbe47; Type: INDEX; Schema: public; Owner: username
--

CREATE INDEX product_soldproduct_product_id_8ecdbe47 ON public.product_soldproduct USING btree (product_id);


--
-- Name: product_soldproduct_user_id_37220ef8; Type: INDEX; Schema: public; Owner: username
--

CREATE INDEX product_soldproduct_user_id_37220ef8 ON public.product_soldproduct USING btree (user_id);


--
-- Name: product_subcategory_category_id_74573633; Type: INDEX; Schema: public; Owner: username
--

CREATE INDEX product_subcategory_category_id_74573633 ON public.product_subcategory USING btree (category_id);


--
-- Name: product_ticket_category_id_f43c124e; Type: INDEX; Schema: public; Owner: username
--

CREATE INDEX product_ticket_category_id_f43c124e ON public.product_ticket USING btree (category_id);


--
-- Name: auth_group_permissions auth_group_permissio_permission_id_84c5c92e_fk_auth_perm; Type: FK CONSTRAINT; Schema: public; Owner: username
--

ALTER TABLE ONLY public.auth_group_permissions
    ADD CONSTRAINT auth_group_permissio_permission_id_84c5c92e_fk_auth_perm FOREIGN KEY (permission_id) REFERENCES public.auth_permission(id) DEFERRABLE INITIALLY DEFERRED;


--
-- Name: auth_group_permissions auth_group_permissions_group_id_b120cbf9_fk_auth_group_id; Type: FK CONSTRAINT; Schema: public; Owner: username
--

ALTER TABLE ONLY public.auth_group_permissions
    ADD CONSTRAINT auth_group_permissions_group_id_b120cbf9_fk_auth_group_id FOREIGN KEY (group_id) REFERENCES public.auth_group(id) DEFERRABLE INITIALLY DEFERRED;


--
-- Name: auth_permission auth_permission_content_type_id_2f476e4b_fk_django_co; Type: FK CONSTRAINT; Schema: public; Owner: username
--

ALTER TABLE ONLY public.auth_permission
    ADD CONSTRAINT auth_permission_content_type_id_2f476e4b_fk_django_co FOREIGN KEY (content_type_id) REFERENCES public.django_content_type(id) DEFERRABLE INITIALLY DEFERRED;


--
-- Name: auth_user_groups auth_user_groups_group_id_97559544_fk_auth_group_id; Type: FK CONSTRAINT; Schema: public; Owner: username
--

ALTER TABLE ONLY public.auth_user_groups
    ADD CONSTRAINT auth_user_groups_group_id_97559544_fk_auth_group_id FOREIGN KEY (group_id) REFERENCES public.auth_group(id) DEFERRABLE INITIALLY DEFERRED;


--
-- Name: auth_user_groups auth_user_groups_user_id_6a12ed8b_fk_auth_user_id; Type: FK CONSTRAINT; Schema: public; Owner: username
--

ALTER TABLE ONLY public.auth_user_groups
    ADD CONSTRAINT auth_user_groups_user_id_6a12ed8b_fk_auth_user_id FOREIGN KEY (user_id) REFERENCES public.auth_user(id) DEFERRABLE INITIALLY DEFERRED;


--
-- Name: auth_user_user_permissions auth_user_user_permi_permission_id_1fbb5f2c_fk_auth_perm; Type: FK CONSTRAINT; Schema: public; Owner: username
--

ALTER TABLE ONLY public.auth_user_user_permissions
    ADD CONSTRAINT auth_user_user_permi_permission_id_1fbb5f2c_fk_auth_perm FOREIGN KEY (permission_id) REFERENCES public.auth_permission(id) DEFERRABLE INITIALLY DEFERRED;


--
-- Name: auth_user_user_permissions auth_user_user_permissions_user_id_a95ead1b_fk_auth_user_id; Type: FK CONSTRAINT; Schema: public; Owner: username
--

ALTER TABLE ONLY public.auth_user_user_permissions
    ADD CONSTRAINT auth_user_user_permissions_user_id_a95ead1b_fk_auth_user_id FOREIGN KEY (user_id) REFERENCES public.auth_user(id) DEFERRABLE INITIALLY DEFERRED;


--
-- Name: authtoken_token authtoken_token_user_id_35299eff_fk_auth_user_id; Type: FK CONSTRAINT; Schema: public; Owner: username
--

ALTER TABLE ONLY public.authtoken_token
    ADD CONSTRAINT authtoken_token_user_id_35299eff_fk_auth_user_id FOREIGN KEY (user_id) REFERENCES public.auth_user(id) DEFERRABLE INITIALLY DEFERRED;


--
-- Name: customer_favorite customer_favorite_product_id_41a03b7e_fk_product_productitem_id; Type: FK CONSTRAINT; Schema: public; Owner: username
--

ALTER TABLE ONLY public.customer_favorite
    ADD CONSTRAINT customer_favorite_product_id_41a03b7e_fk_product_productitem_id FOREIGN KEY (product_id) REFERENCES public.product_productitem(id) DEFERRABLE INITIALLY DEFERRED;


--
-- Name: customer_favorite customer_favorite_user_id_56899df3_fk_customer_profile_id; Type: FK CONSTRAINT; Schema: public; Owner: username
--

ALTER TABLE ONLY public.customer_favorite
    ADD CONSTRAINT customer_favorite_user_id_56899df3_fk_customer_profile_id FOREIGN KEY (user_id) REFERENCES public.customer_profile(id) DEFERRABLE INITIALLY DEFERRED;


--
-- Name: customer_location customer_location_user_id_07087cd9_fk_customer_profile_id; Type: FK CONSTRAINT; Schema: public; Owner: username
--

ALTER TABLE ONLY public.customer_location
    ADD CONSTRAINT customer_location_user_id_07087cd9_fk_customer_profile_id FOREIGN KEY (user_id) REFERENCES public.customer_profile(id) DEFERRABLE INITIALLY DEFERRED;


--
-- Name: customer_profile customer_profile_origin_id_64b14e1c_fk_auth_user_id; Type: FK CONSTRAINT; Schema: public; Owner: username
--

ALTER TABLE ONLY public.customer_profile
    ADD CONSTRAINT customer_profile_origin_id_64b14e1c_fk_auth_user_id FOREIGN KEY (origin_id) REFERENCES public.auth_user(id) DEFERRABLE INITIALLY DEFERRED;


--
-- Name: customer_viewednews customer_viewednews_news_id_0268b47d_fk_customer_news_id; Type: FK CONSTRAINT; Schema: public; Owner: username
--

ALTER TABLE ONLY public.customer_viewednews
    ADD CONSTRAINT customer_viewednews_news_id_0268b47d_fk_customer_news_id FOREIGN KEY (news_id) REFERENCES public.customer_news(id) DEFERRABLE INITIALLY DEFERRED;


--
-- Name: customer_viewednews customer_viewednews_user_id_2afbeba3_fk_customer_profile_id; Type: FK CONSTRAINT; Schema: public; Owner: username
--

ALTER TABLE ONLY public.customer_viewednews
    ADD CONSTRAINT customer_viewednews_user_id_2afbeba3_fk_customer_profile_id FOREIGN KEY (user_id) REFERENCES public.customer_profile(id) DEFERRABLE INITIALLY DEFERRED;


--
-- Name: django_admin_log django_admin_log_content_type_id_c4bce8eb_fk_django_co; Type: FK CONSTRAINT; Schema: public; Owner: username
--

ALTER TABLE ONLY public.django_admin_log
    ADD CONSTRAINT django_admin_log_content_type_id_c4bce8eb_fk_django_co FOREIGN KEY (content_type_id) REFERENCES public.django_content_type(id) DEFERRABLE INITIALLY DEFERRED;


--
-- Name: django_admin_log django_admin_log_user_id_c564eba6_fk_auth_user_id; Type: FK CONSTRAINT; Schema: public; Owner: username
--

ALTER TABLE ONLY public.django_admin_log
    ADD CONSTRAINT django_admin_log_user_id_c564eba6_fk_auth_user_id FOREIGN KEY (user_id) REFERENCES public.auth_user(id) DEFERRABLE INITIALLY DEFERRED;


--
-- Name: merchant_order merchant_order_location_id_566e5cb3_fk_customer_location_id; Type: FK CONSTRAINT; Schema: public; Owner: username
--

ALTER TABLE ONLY public.merchant_order
    ADD CONSTRAINT merchant_order_location_id_566e5cb3_fk_customer_location_id FOREIGN KEY (location_id) REFERENCES public.customer_location(id) DEFERRABLE INITIALLY DEFERRED;


--
-- Name: merchant_order merchant_order_user_id_a071b796_fk_customer_profile_id; Type: FK CONSTRAINT; Schema: public; Owner: username
--

ALTER TABLE ONLY public.merchant_order
    ADD CONSTRAINT merchant_order_user_id_a071b796_fk_customer_profile_id FOREIGN KEY (user_id) REFERENCES public.customer_profile(id) DEFERRABLE INITIALLY DEFERRED;


--
-- Name: merchant_orderitem merchant_orderitem_order_id_3bb3d359_fk_merchant_order_id; Type: FK CONSTRAINT; Schema: public; Owner: username
--

ALTER TABLE ONLY public.merchant_orderitem
    ADD CONSTRAINT merchant_orderitem_order_id_3bb3d359_fk_merchant_order_id FOREIGN KEY (order_id) REFERENCES public.merchant_order(id) DEFERRABLE INITIALLY DEFERRED;


--
-- Name: merchant_orderitem merchant_orderitem_product_id_903c76fb_fk_product_p; Type: FK CONSTRAINT; Schema: public; Owner: username
--

ALTER TABLE ONLY public.merchant_orderitem
    ADD CONSTRAINT merchant_orderitem_product_id_903c76fb_fk_product_p FOREIGN KEY (product_id) REFERENCES public.product_productitem(id) DEFERRABLE INITIALLY DEFERRED;


--
-- Name: product_good product_good_product_id_8a2300cf_fk_product_productitem_id; Type: FK CONSTRAINT; Schema: public; Owner: username
--

ALTER TABLE ONLY public.product_good
    ADD CONSTRAINT product_good_product_id_8a2300cf_fk_product_productitem_id FOREIGN KEY (product_id) REFERENCES public.product_productitem(id) DEFERRABLE INITIALLY DEFERRED;


--
-- Name: product_good product_good_sub_cat_id_556d8769_fk_product_subcategory_id; Type: FK CONSTRAINT; Schema: public; Owner: username
--

ALTER TABLE ONLY public.product_good
    ADD CONSTRAINT product_good_sub_cat_id_556d8769_fk_product_subcategory_id FOREIGN KEY (sub_cat_id) REFERENCES public.product_subcategory(id) DEFERRABLE INITIALLY DEFERRED;


--
-- Name: product_image product_image_product_id_8b9355c5_fk_product_productitem_id; Type: FK CONSTRAINT; Schema: public; Owner: username
--

ALTER TABLE ONLY public.product_image
    ADD CONSTRAINT product_image_product_id_8b9355c5_fk_product_productitem_id FOREIGN KEY (product_id) REFERENCES public.product_productitem(id) DEFERRABLE INITIALLY DEFERRED;


--
-- Name: product_phone product_phone_category_id_ed436a23_fk_product_category_id; Type: FK CONSTRAINT; Schema: public; Owner: username
--

ALTER TABLE ONLY public.product_phone
    ADD CONSTRAINT product_phone_category_id_ed436a23_fk_product_category_id FOREIGN KEY (category_id) REFERENCES public.product_category(id) DEFERRABLE INITIALLY DEFERRED;


--
-- Name: product_phone product_phone_product_id_df112067_fk_product_productitem_id; Type: FK CONSTRAINT; Schema: public; Owner: username
--

ALTER TABLE ONLY public.product_phone
    ADD CONSTRAINT product_phone_product_id_df112067_fk_product_productitem_id FOREIGN KEY (product_id) REFERENCES public.product_productitem(id) DEFERRABLE INITIALLY DEFERRED;


--
-- Name: product_soldproduct product_soldproduct_product_id_8ecdbe47_fk_product_p; Type: FK CONSTRAINT; Schema: public; Owner: username
--

ALTER TABLE ONLY public.product_soldproduct
    ADD CONSTRAINT product_soldproduct_product_id_8ecdbe47_fk_product_p FOREIGN KEY (product_id) REFERENCES public.product_productitem(id) DEFERRABLE INITIALLY DEFERRED;


--
-- Name: product_soldproduct product_soldproduct_user_id_37220ef8_fk_customer_profile_id; Type: FK CONSTRAINT; Schema: public; Owner: username
--

ALTER TABLE ONLY public.product_soldproduct
    ADD CONSTRAINT product_soldproduct_user_id_37220ef8_fk_customer_profile_id FOREIGN KEY (user_id) REFERENCES public.customer_profile(id) DEFERRABLE INITIALLY DEFERRED;


--
-- Name: product_subcategory product_subcategory_category_id_74573633_fk_product_category_id; Type: FK CONSTRAINT; Schema: public; Owner: username
--

ALTER TABLE ONLY public.product_subcategory
    ADD CONSTRAINT product_subcategory_category_id_74573633_fk_product_category_id FOREIGN KEY (category_id) REFERENCES public.product_category(id) DEFERRABLE INITIALLY DEFERRED;


--
-- Name: product_ticket product_ticket_category_id_f43c124e_fk_product_category_id; Type: FK CONSTRAINT; Schema: public; Owner: username
--

ALTER TABLE ONLY public.product_ticket
    ADD CONSTRAINT product_ticket_category_id_f43c124e_fk_product_category_id FOREIGN KEY (category_id) REFERENCES public.product_category(id) DEFERRABLE INITIALLY DEFERRED;


--
-- Name: product_ticket product_ticket_product_id_9de3ba31_fk_product_productitem_id; Type: FK CONSTRAINT; Schema: public; Owner: username
--

ALTER TABLE ONLY public.product_ticket
    ADD CONSTRAINT product_ticket_product_id_9de3ba31_fk_product_productitem_id FOREIGN KEY (product_id) REFERENCES public.product_productitem(id) DEFERRABLE INITIALLY DEFERRED;


--
-- PostgreSQL database dump complete
--

